¦C¼Æ,pin_package,bd_id,product,da_out,da_act,wb_out,wb_act,cure_out,cure_act,
1,	WLCSP-WAFER ,	ENG                 ,	000IABW027               ,	0.00,	0.00,	0.00,	0.00,	0.00,	0.00,
2,	WLCSP-WAFER ,	                    ,	000IABW079               ,	0.00,	0.00,	0.00,	0.00,	0.00,	0.00,
3,	WLCSP-WAFER ,	                    ,	000IABW093               ,	0.00,	0.00,	0.00,	0.00,	0.00,	0.00,
4,	MAT         ,	,	0008WLF001               ,	0.00,	0.00,	0.00,	0.00,	0.00,	0.00,
5,	FCQFN-08OK2D,	ANI008OK2001A       ,	008OKNI019               ,	0.00,	0.00,	0.00,	0.00,	0.00,	0.00,
6,	FCQFN-08OK2D,	ANI008OK2001A       ,	008OKNI044               ,	0.00,	0.00,	0.00,	0.00,	0.00,	0.00,
7,	FCQFN-08OK2D,	ANI008OK2001A       ,	008OKNI057               ,	0.00,	0.00,	0.00,	0.00,	0.00,	0.00,
8,	FCQFN-08OK2D,	ANI008OK2001A       ,	008OKNI061               ,	0.00,	0.00,	0.00,	0.00,	0.00,	0.00,
9,	FCQFN-08OK2D,	ANI008OK2001A       ,	008OKNI081               ,	0.00,	0.00,	0.00,	0.00,	0.00,	0.00,
10,	FCQFN-08OK2D,	ANI008OK2001A       ,	008OKNI089               ,	0.00,	0.00,	0.00,	0.00,	0.00,	0.00,
11,	FCQFN-08OK2D,	ANI008OK2001A       ,	008OKNI093               ,	0.00,	0.00,	0.00,	0.00,	0.00,	0.00,
12,	FCDFN-08YZ2A,	ANI008YZ1001D       ,	008YZNI035               ,	0.00,	0.00,	0.00,	0.00,	0.00,	0.00,
13,	DFN-12Y12A  ,	ANI012Y11002C       ,	012Y1NI049               ,	0.00,	0.00,	0.00,	0.00,	0.00,	0.00,
14,	DFN-12Y12A  ,	ANI012Y11002C       ,	012Y1NI051               ,	0.00,	0.00,	0.00,	0.00,	0.00,	0.00,
15,	DFN-12Y12A  ,	ANI012Y11002C       ,	012Y1NI059               ,	0.00,	0.00,	0.00,	0.00,	0.00,	0.00,
16,	FCQFN-12Y32D,	ANI012Y32002D       ,	012Y3NI102               ,	0.00,	0.00,	0.00,	0.00,	0.00,	0.00,
17,	FCQFN-12Y32D,	ANI012Y32001B       ,	012Y3NI106               ,	0.00,	0.00,	0.00,	0.00,	0.00,	0.00,
18,	FCQFN-12Y32D,	ANI012Y32001B       ,	012Y3NI127               ,	0.00,	0.00,	0.00,	0.00,	0.00,	0.00,
19,	FCQFN-12Y32D,	ANI012Y32001B       ,	012Y3NI128               ,	0.00,	0.00,	0.00,	0.00,	0.00,	0.00,
20,	FCQFN-12Y32D,	ANI012Y32002D       ,	012Y3NI138               ,	0.00,	0.00,	0.00,	0.00,	0.00,	0.00,
21,	FCQFN-12Y32D,	ANI012Y32002D       ,	012Y3NI140               ,	0.00,	0.00,	0.00,	0.00,	0.00,	0.00,
22,	FCQFN-12Y32D,	ANI012Y32001B       ,	012Y3NI147               ,	0.00,	0.00,	0.00,	0.00,	0.00,	0.00,
23,	FCQFN-12Y32D,	ANI012Y32001B       ,	012Y3NI155               ,	0.00,	0.00,	0.00,	0.00,	0.00,	0.00,
24,	FCQFN-12Y32D,	ANI012Y32001B       ,	012Y3NI156               ,	0.00,	0.00,	0.00,	0.00,	0.00,	0.00,
25,	FCQFN-12Y32D,	ANI012Y32002D       ,	012Y3NI160               ,	0.00,	0.00,	0.00,	0.00,	0.00,	0.00,
26,	FCQFN-12Y32D,	ANI012Y32001B       ,	012Y3NI166               ,	0.00,	0.00,	0.00,	0.00,	0.00,	0.00,
27,	FCQFN-12Y32D,	ANI012Y32002D       ,	012Y3NI170               ,	0.00,	0.00,	0.00,	0.00,	0.00,	0.00,
28,	FCQFN-12Y32D,	ANI012Y32002D       ,	012Y3NI175               ,	0.00,	0.00,	0.00,	0.00,	0.00,	0.00,
29,	FCQFN-14OA2D,	ANI014OA1001C       ,	014OANI049               ,	0.00,	0.00,	0.00,	0.00,	0.00,	0.00,
30,	FCQFN-14OL2D,	ANI014OL1001C       ,	014OLNI030               ,	0.00,	0.00,	0.00,	0.00,	0.00,	0.00,
31,	FCQFN-16OF2D,	ANI016OF2001B       ,	016OFNI037               ,	0.00,	0.00,	0.00,	0.00,	0.00,	0.00,
32,	QFN-20YU2D  ,	ANI020YU1005C       ,	020YUNI041               ,	0.00,	0.00,	0.00,	0.00,	0.00,	0.00,
33,	QFN-20YU2D  ,	ANI020YU1002B       ,	020YUNI047               ,	0.00,	0.00,	0.00,	0.00,	0.00,	0.00,
34,	QFN-20YU2D  ,	ANI020YU1005C       ,	020YUNI052               ,	0.00,	0.00,	0.00,	0.00,	0.00,	0.00,
35,	QFN-20YU2D  ,	ANI020YU1005C       ,	020YUNI058               ,	0.00,	0.00,	0.00,	0.00,	0.00,	0.00,
36,	QFN-20YU2D  ,	ANI020YU1002B       ,	020YUNI078               ,	0.00,	0.00,	0.00,	0.00,	0.00,	0.00,
37,	QFN-20YU2D  ,	ANI020YU1002B       ,	020YUNI087               ,	0.00,	0.00,	0.00,	0.00,	0.00,	0.00,
38,	QFN-20YU2D  ,	ANI020YU1002B       ,	020YUNI108               ,	0.00,	0.00,	0.00,	0.00,	0.00,	0.00,
39,	QFN-20YU2D  ,	ANI020YU1005C       ,	020YUNI111               ,	0.00,	0.00,	0.00,	0.00,	0.00,	0.00,
40,	QFN-20YU2D  ,	ANI020YU1001M       ,	020YUNI117               ,	0.00,	0.00,	0.00,	0.00,	0.00,	0.00,
41,	QFN-20YU2D  ,	ANI020YU1002B       ,	020YUNI124               ,	0.00,	0.00,	0.00,	0.00,	0.00,	0.00,
42,	QFN-20YU2D  ,	ANI020YU1001M       ,	020YUNI131               ,	0.00,	0.00,	0.00,	0.00,	0.00,	0.00,
43,	QFN-20YU2D  ,	ANI020YU1002B       ,	020YUNI136               ,	0.00,	0.00,	0.00,	0.00,	0.00,	0.00,
44,	QFN-20YU2D  ,	ANI020YU1001M       ,	020YUNI150               ,	0.00,	0.00,	0.00,	0.00,	0.00,	0.00,
45,	QFN-20YU2D  ,	ANI020YU1005C       ,	020YUNI154               ,	0.00,	0.00,	0.00,	0.00,	0.00,	0.00,
46,	QFN-20YU2D  ,	ANI020YU1005C       ,	020YUNI158               ,	0.00,	0.00,	0.00,	0.00,	0.00,	0.00,
47,	QFN-20YU2D  ,	ANI020YU1002B       ,	020YUNI185               ,	0.00,	0.00,	0.00,	0.00,	0.00,	0.00,
48,	QFN-20YU2D  ,	ANI020YU1002B       ,	020YUNI201               ,	0.00,	0.00,	0.00,	0.00,	0.00,	0.00,
49,	QFN-20YU2D  ,	ANI020YU1002B       ,	020YUNI254               ,	0.00,	0.00,	0.00,	0.00,	0.00,	0.00,
50,	QFN-20YU2D  ,	ANI020YU1001M       ,	020YUNI265               ,	0.00,	0.00,	0.00,	0.00,	0.00,	0.00,
51,	QFN-20YU2D  ,	ANI020YU1001M       ,	020YUNI271               ,	0.00,	0.00,	0.00,	0.00,	0.00,	0.00,
52,	QFN-20YU2D  ,	ANI020YU1005C       ,	020YUNI289               ,	0.00,	0.00,	0.00,	0.00,	0.00,	0.00,
53,	QFN-20YU2D  ,	ANI020YU1002B       ,	020YUNI299               ,	0.00,	0.00,	0.00,	0.00,	0.00,	0.00,
54,	QFN-20YU2D  ,	ANI020YU1002B       ,	020YUNI308               ,	0.00,	0.00,	0.00,	0.00,	0.00,	0.00,
55,	QFN-20YU2D  ,	ANI020YU1001M       ,	020YUNI314               ,	0.00,	0.00,	0.00,	0.00,	0.00,	0.00,
56,	FPSLGA229JV ,	AHQ0225S1001B       ,	0225SHQ001               ,	0.00,	0.00,	0.00,	0.00,	0.00,	0.00,
57,	FPSTLGA28t6V,	AHQ0282J2007A       ,	0282JHQ033               ,	0.00,	0.00,	0.00,	0.00,	0.00,	0.00,
58,	FPSTLGA44t6V,	AHQ0445T2001C       ,	0445THQ010               ,	0.00,	0.00,	0.00,	0.00,	0.00,	0.00,
59,	WLCSP       ,	                    ,	000IACM176ENG            ,	0.00,	0.00,	0.00,	0.00,	0.00,	0.00,
60,	SMT         ,	AOK016D53005A       ,	000SOK006                ,	0.00,	0.00,	0.00,	0.00,	0.00,	0.00,
61,	DFN-08YQ2A  ,	ABU008YQ2002A       ,	008YQCM112ENG            ,	0.00,	0.00,	0.00,	0.00,	0.00,	0.00,
62,	DFN-08YQ2A  ,	ABU008YQ2001A       ,	008YQCM135ENG            ,	0.00,	0.00,	0.00,	0.00,	0.00,	0.00,
63,	DFN-08YQ2A  ,	AAB008YQ2037A       ,	008YQCME30ENG            ,	0.00,	0.00,	0.00,	0.00,	0.00,	0.00,
64,	SSLGA16DOU  ,	AAW016D53011A       ,	016D5CM041ENG            ,	0.00,	0.00,	0.00,	0.00,	0.00,	0.00,
65,	SSLGA16DOU  ,	AAW016D53011A       ,	016D5CM060ENG            ,	0.00,	0.00,	0.00,	0.00,	0.00,	0.00,
66,	FPSSLG41AXTV,	AHQ0415L1005A       ,	0415LHQ005ENG            ,	0.00,	0.00,	0.00,	0.00,	0.00,	0.00,
67,	FPSTLGA44YBV,	AHQ0442J3005A       ,	0442JCM009ENG            ,	0.00,	0.00,	0.00,	0.00,	0.00,	0.00,
68,	FPSTLGA44tBV,	AHQ0442J3003A       ,	0442JCM010ENG            ,	0.00,	0.00,	0.00,	0.00,	0.00,	0.00,
69,	FPSTLGA44r6V,	AHQ0445T2004B       ,	0445TCM008ENG            ,	0.00,	0.00,	0.00,	0.00,	0.00,	0.00,
70,	TSOP1-48MR  ,	ANV048TR2042A       ,	048TRCME07ENG            ,	0.00,	0.00,	0.00,	0.00,	0.00,	0.00,
71,	TSOP1-48AM  ,	AMS048TW1037A       ,	048TWCM118ENG            ,	0.00,	0.00,	0.00,	0.00,	0.00,	0.00,
72,	TSOP1-48AMR ,	ACM048TX2001A       ,	048TXCM005ENG            ,	0.00,	0.00,	0.00,	0.00,	0.00,	0.00,
73,	QFN-52AC1   ,	ABW052AC1005A       ,	052ACCM008ENG            ,	0.00,	0.00,	0.00,	0.00,	0.00,	0.00,
74,	TSOP2-54ME  ,	AQB054TN1003A       ,	054TNCM128ENG            ,	0.00,	0.00,	0.00,	0.00,	0.00,	0.00,
75,	VFBGA63H8L  ,	AAS063NW1006A       ,	063NWCM018ENG            ,	0.00,	0.00,	0.00,	0.00,	0.00,	0.00,
76,	TSOP2-66CME ,	AAS066TS1008A       ,	066TSCM045ENG            ,	0.00,	0.00,	0.00,	0.00,	0.00,	0.00,
77,	FBGA-78UEN  ,	AMS078EN1002A       ,	078ENCM014ENG            ,	0.00,	0.00,	0.00,	0.00,	0.00,	0.00,
78,	FCBGA84A4G  ,	AAB084UN1001A       ,	084UNCM001ENG            ,	0.00,	0.00,	0.00,	0.00,	0.00,	0.00,
79,	STBGA84D4P  ,	ABU084XU2001B       ,	084XUCM019ENG            ,	0.00,	0.00,	0.00,	0.00,	0.00,	0.00,
80,	FBGA-96LEA  ,	ABU096EA1001A       ,	096EACM008ENG            ,	0.00,	0.00,	0.00,	0.00,	0.00,	0.00,
81,	FBGA-96UEC  ,	AMS096EC1002A       ,	096ECCM005ENG            ,	0.00,	0.00,	0.00,	0.00,	0.00,	0.00,
82,	FBGAS-96UEF7,	ABU096EF5001A       ,	096EFCM056ENG            ,	0.00,	0.00,	0.00,	0.00,	0.00,	0.00,
83,	FBGA-96UEF  ,	AYZ096EF2003A       ,	096EFCM070ENG            ,	0.00,	0.00,	0.00,	0.00,	0.00,	0.00,
84,	FBGAS-96UEL9,	AAS096EL4005A       ,	096ELCME33ENG            ,	0.00,	0.00,	0.00,	0.00,	0.00,	0.00,
85,	STBGA132G4VT,	AYS132X2C007A       ,	132X2CME50ENG            ,	0.00,	0.00,	0.00,	0.00,	0.00,	0.00,
86,	STBGA132G4U ,	ANV132X25002B       ,	132X2CME51ENG            ,	0.00,	0.00,	0.00,	0.00,	0.00,	0.00,
87,	STBGA153GEV ,	ANV153XT9059A       ,	153XTCME002ENG           ,	0.00,	0.00,	0.00,	0.00,	0.00,	0.00,
88,	SMT         ,	ACD008DR1031A       ,	000SCD028                ,	0.00,	0.00,	0.00,	0.00,	0.00,	0.00,
89,	TSOP2-54ME  ,	ACD054TN1001A       ,	054TNCD017               ,	0.00,	0.00,	5.76,	5.76,	0.00,	0.00,
90,	TSOP2-66CME ,	AAS066TS1009A       ,	066TSAS029               ,	0.00,	0.00,	0.00,	0.00,	0.00,	0.00,
91,	FBGA-84UC   ,	AAS084CC2011A       ,	084UCAS104               ,	0.00,	2.78,	0.16,	0.00,	0.00,	0.00,
92,	STDFN-08YD2E,	AVE008YD2002A       ,	008YDVE004               ,	24.77,	0.00,	0.00,	0.00,	0.00,	0.00,
93,	VFBGA54B4L  ,	AGA054NB1008A       ,	054NBGA025               ,	0.00,	0.00,	0.00,	0.00,	0.00,	0.00,
94,	WLCSP       ,	                    ,	000IAQR037               ,	0.00,	0.00,	0.00,	0.00,	0.00,	0.00,
95,	WLCSP       ,	                    ,	000IAQR039               ,	0.00,	0.00,	0.00,	0.00,	0.00,	0.00,
96,	VFBGA54B4   ,	ABU054NB2004C       ,	054NBBU006               ,	0.00,	0.00,	0.00,	0.00,	0.00,	0.00,
97,	FBGA-84UC(2),	ABU084CC2001C       ,	084UCBU004               ,	0.00,	0.00,	0.00,	0.00,	0.00,	0.00,
98,	VFBGA90B4L  ,	ABU090NC8002B       ,	090NCBU014               ,	0.00,	0.00,	0.00,	4.13,	0.00,	0.00,
99,	QFN88Y23AW  ,	AMF088Y23001A       ,	088Y2MF002               ,	0.00,	0.00,	0.00,	0.00,	0.00,	0.00,
100,	STDFN-08YD2A,	ABU008YD2010A       ,	008YDVG015               ,	0.00,	0.00,	0.00,	0.00,	0.00,	0.00,
101,	DFN-08YM2D  ,	ABU008YM2002A       ,	008YMVG004               ,	0.00,	0.00,	0.00,	0.00,	0.00,	0.00,
102,	TSOP1-56/56 ,	ABU056TH2002A       ,	056THVG002               ,	0.00,	0.00,	0.00,	0.00,	0.00,	0.00,
103,	SSBGA153JAV ,	ABU153XT9001A       ,	153XTVG006               ,	0.00,	0.00,	0.00,	0.00,	0.00,	0.00,
104,	MBGA36Q3L   ,	AOK036RP1001A       ,	036RPOK001               ,	0.00,	0.00,	14.15,	0.00,	0.00,	0.00,
105,	TSOP1-48A2  ,	AOK048TV1029A       ,	048TVOK056               ,	106.20,	12.80,	34.02,	13.53,	0.00,	12.80,
106,	TSOP1-48AM  ,	AMS048TW1036A       ,	048TWMS096               ,	0.00,	0.00,	0.00,	0.00,	0.00,	0.00,
107,	FBGA-78UEN  ,	AMS078EN1001A       ,	078ENMS009               ,	0.00,	42.09,	259.26,	0.26,	0.00,	63.14,
108,	MAT         ,	                    ,	0008WAW095               ,	0.00,	0.00,	0.00,	0.00,	0.00,	0.00,
109,	DFN-08Y62D  ,	AAW008Y62016A       ,	008Y6AW035               ,	0.00,	0.00,	0.00,	0.00,	0.00,	0.00,
110,	SSLGA16DOU  ,	AAW016D53004A       ,	016D5AW023               ,	0.00,	0.00,	0.00,	0.00,	0.00,	0.00,
111,	SSLGA16DOU  ,	AAW016D53011A       ,	016D5AW047               ,	0.00,	0.00,	0.00,	0.00,	0.00,	0.00,
112,	MINIBGA24A3L,	AAW024MA6013C       ,	024MAAW023               ,	11.76,	11.52,	138.32,	37.38,	0.00,	20.15,
113,	MINIBGA24A3L,	AAW024MA6036A       ,	024MAAW065               ,	0.00,	0.00,	0.00,	0.00,	0.00,	0.00,
114,	MINIBGA24A3L,	AAW024MA6041B       ,	024MAAW072               ,	0.00,	8.78,	8.56,	0.00,	0.00,	17.36,
115,	TSOP1-48/M2 ,	AAW048TP1041B       ,	048TPAW086               ,	0.00,	0.00,	105.97,	29.51,	0.00,	0.00,
116,	TSOP1-48/M2 ,	AAW048TP1008B       ,	048TPAW103               ,	249.19,	13.54,	40.55,	8.19,	0.00,	0.00,
117,	MBGA64J4U   ,	AAW064MR1007A       ,	064MRAW028               ,	0.00,	0.00,	0.00,	0.00,	0.00,	0.00,
118,	MBGA64J4U   ,	AAW064MR1014A       ,	064MRAW034               ,	0.00,	0.00,	0.00,	0.00,	0.00,	0.00,
119,	MAT         ,	                    ,	0008WNV198               ,	0.00,	0.00,	0.00,	0.00,	0.00,	0.00,
120,	MAT         ,	                    ,	0008WNV430               ,	0.00,	0.00,	0.00,	0.00,	0.00,	0.00,
121,	MAT         ,	                    ,	0008WNV509               ,	0.00,	0.00,	0.00,	0.00,	0.00,	0.00,
122,	uSD08AQV    ,	ANV0086A1040A       ,	0086ANV149               ,	0.00,	0.00,	0.00,	0.00,	0.00,	3.54,
123,	uSD08AQV-C  ,	ANV0086A1069A       ,	0086ANV179               ,	0.00,	0.00,	0.00,	0.00,	0.00,	0.00,
124,	TSOP1-48MR-C,	ANV048TR2001B       ,	048TRNV003               ,	0.00,	0.00,	0.00,	0.00,	0.00,	0.00,
125,	STBGA132C4V ,	ANV132X2B002A       ,	132X2NV188               ,	0.00,	0.00,	0.00,	0.00,	0.00,	0.00,
126,	STBGA169D4U ,	ANV169XN8001A       ,	169XNNV011               ,	0.00,	0.00,	24.47,	0.00,	0.00,	0.00,
127,	FCCSP319A3G ,	ANV319UK1001A       ,	319UKNV002               ,	0.00,	0.00,	0.00,	0.00,	0.00,	0.00,
128,	STBGA345SBC ,	ANV345XTB024A       ,	345XTNV081               ,	0.00,	0.00,	0.00,	0.00,	0.00,	0.00,
129,	MBGA137J4U  ,	ACR137M82001B       ,	137M8CR001               ,	0.00,	0.00,	0.00,	0.00,	0.00,	0.00,
130,	WLCSP       ,	                    ,	000IAVT006               ,	0.00,	0.00,	0.00,	0.00,	0.00,	0.00,
131,	MAT         ,	                    ,	0008WAB214               ,	0.00,	0.00,	0.00,	0.00,	0.00,	0.00,
132,	DFN-08Y62D  ,	AAB008Y62010A       ,	008Y6AB034               ,	0.00,	0.00,	84.03,	34.10,	0.00,	0.00,
133,	DFN-08YB2G  ,	AAB008YB2003A       ,	008YBAB012               ,	0.00,	0.00,	0.00,	0.00,	0.00,	0.00,
134,	STDFN-08YD2A,	AAB008YD2007A       ,	008YDAB015               ,	0.00,	0.00,	0.00,	0.00,	0.00,	0.00,
135,	DFN-08YM2D  ,	AAB008YM2018A       ,	008YMAB046               ,	107.46,	64.00,	0.00,	0.00,	0.00,	96.00,
136,	STDFN-08YQ2A,	AAB008YQ2004A       ,	008YQAB035               ,	0.00,	0.00,	0.00,	0.00,	0.00,	0.00,
137,	MINIBGA24A2L,	AAB024MA5012A       ,	024MAAB028               ,	0.00,	0.00,	0.00,	8.64,	0.00,	0.00,
138,	MBGA24J3U   ,	AAB024MAA007A       ,	024MAAB085               ,	0.00,	0.00,	0.00,	0.00,	0.00,	0.00,
139,	MBGA24J3U   ,	AAB024MAA010A       ,	024MAAB096               ,	0.00,	0.00,	0.00,	0.00,	0.00,	0.00,
140,	STBGA24D6U  ,	AAB024XJ6011A       ,	024XJAB025               ,	0.00,	0.00,	6.81,	0.00,	0.00,	0.00,
141,	STBGA24D6U  ,	AAB024XJ6010A       ,	024XJAB027               ,	0.00,	0.00,	0.00,	0.00,	0.00,	0.00,
142,	VFBGA54B4U  ,	AAB054NR2001A       ,	054NRAB004               ,	0.00,	0.00,	0.00,	0.00,	0.00,	0.00,
143,	TSOP2-54ME  ,	AAB054TN1005A       ,	054TNAB036               ,	0.00,	0.00,	0.00,	0.00,	0.00,	0.00,
144,	TSOP2-54ME  ,	AAB054TN1004A       ,	054TNAB037               ,	0.00,	0.00,	0.00,	0.00,	0.00,	0.00,
145,	FBGA-84UC2H ,	AAB084CC9002A       ,	084UCAB028               ,	0.00,	0.00,	0.00,	0.00,	0.00,	0.00,
146,	FBGA96UEL(2),	AAB096EL1002A       ,	096ELAB015               ,	0.00,	0.00,	0.00,	0.00,	0.00,	0.00,
147,	FBGA96UEL(2),	AAB096EL1003A       ,	096ELAB016               ,	0.00,	0.00,	0.00,	0.00,	0.00,	0.00,
148,	FBGA96UEL(2),	AAB096EL1007A       ,	096ELAB044               ,	0.00,	0.00,	0.00,	0.00,	0.00,	0.00,
149,	WLCSP       ,	ENG                 ,	000IABW052               ,	0.00,	0.00,	0.00,	0.00,	0.00,	0.00,
150,	WLCSP       ,	                    ,	000IABW064               ,	0.00,	0.00,	0.00,	0.00,	0.00,	0.00,
151,	WLCSP       ,	                    ,	000IABW074               ,	0.00,	0.00,	0.00,	0.00,	0.00,	0.00,
152,	WLCSP       ,	                    ,	000IABW143               ,	0.00,	0.00,	0.00,	0.00,	0.00,	0.00,
153,	MBGA48A2    ,	AHD048MA2001A       ,	048MAHD006               ,	0.00,	0.00,	0.00,	0.00,	0.00,	0.00,
154,	MAT         ,	,	0008WPRT001              ,	0.00,	0.00,	0.00,	0.00,	0.00,	0.00,
155,	FCQFN-08OK2D,	ANI008OK2001A       ,	008OKNI009               ,	0.00,	0.00,	0.00,	0.00,	0.00,	0.00,
156,	FCQFN-08OK2D,	ANI008OK2001A       ,	008OKNI021               ,	0.00,	0.00,	0.00,	0.00,	0.00,	0.00,
157,	FCQFN-08OK2D,	ANI008OK2001A       ,	008OKNI040               ,	0.00,	0.00,	0.00,	0.00,	0.00,	0.00,
158,	FCQFN-08OK2D,	ANI008OK2001A       ,	008OKNI067               ,	0.00,	0.00,	0.00,	0.00,	0.00,	0.00,
159,	FCQFN-08OK2D,	ANI008OK2001A       ,	008OKNI079               ,	0.00,	0.00,	0.00,	0.00,	0.00,	0.00,
160,	FCDFN-08Y72D,	ANI008Y71001C       ,	008Y7NI030               ,	0.00,	0.00,	0.00,	0.00,	0.00,	0.00,
161,	FCDFN-08YZ2A,	ANI008YZ1001D       ,	008YZNI044               ,	0.00,	0.00,	0.00,	0.00,	0.00,	0.00,
162,	FCDFN-08YZ2A,	ANI008YZ1001D       ,	008YZNI048               ,	0.00,	0.00,	0.00,	0.00,	0.00,	0.00,
163,	FCDFN-09YZ2A,	ANI009YZ1001A       ,	009YZNI001               ,	85.68,	45.00,	0.00,	0.00,	0.00,	0.00,
164,	DFN-12Y12A  ,	ANI012Y11002C       ,	012Y1NI048               ,	0.00,	0.00,	0.00,	0.00,	0.00,	0.00,
165,	DFN-12Y12A  ,	ANI012Y11002C       ,	012Y1NI053               ,	0.00,	0.00,	0.00,	0.00,	0.00,	0.00,
166,	FCQFN-12Y32D,	ANI012Y32001B       ,	012Y3NI120               ,	0.00,	0.00,	0.00,	0.00,	0.00,	0.00,
167,	FCQFN-12Y32D,	ANI012Y32002D       ,	012Y3NI139               ,	0.00,	0.00,	0.00,	0.00,	0.00,	0.00,
168,	FCQFN-12Y32D,	ANI012Y32001B       ,	012Y3NI143               ,	0.00,	0.00,	0.00,	0.00,	0.00,	0.00,
169,	FCQFN-12Y32D,	ANI012Y32002D       ,	012Y3NI190               ,	0.00,	0.00,	0.00,	0.00,	0.00,	0.00,
170,	FCQFN-14OA2D,	ANI014OA1001C       ,	014OANI025               ,	0.00,	0.00,	0.00,	0.00,	0.00,	0.00,
171,	FCQFN-14OA2D,	ANI014OA1001C       ,	014OANI054               ,	0.00,	0.00,	0.00,	0.00,	0.00,	0.00,
172,	QFN-20YU2D  ,	ANI020YU1005C       ,	020YUNI085               ,	0.00,	0.00,	0.00,	0.00,	0.00,	0.00,
173,	QFN-20YU2D  ,	ANI020YU1005C       ,	020YUNI133               ,	0.00,	0.00,	0.00,	0.00,	0.00,	0.00,
174,	QFN-20YU2D  ,	ANI020YU1001M       ,	020YUNI135               ,	0.00,	0.00,	0.00,	0.00,	0.00,	0.00,
175,	QFN-20YU2D  ,	ANI020YU1002B       ,	020YUNI145               ,	0.00,	0.00,	0.00,	0.00,	0.00,	0.00,
176,	QFN-20YU2D  ,	ANI020YU1002B       ,	020YUNI148               ,	0.00,	0.00,	0.00,	0.00,	0.00,	0.00,
177,	QFN-20YU2D  ,	ANI020YU1001M       ,	020YUNI151               ,	0.00,	0.00,	0.00,	0.00,	0.00,	0.00,
178,	QFN-20YU2D  ,	ANI020YU1002B       ,	020YUNI177               ,	0.00,	0.00,	0.00,	0.00,	0.00,	0.00,
179,	QFN-20YU2D  ,	ANI020YU1002B       ,	020YUNI187               ,	0.00,	0.00,	0.00,	0.00,	0.00,	0.00,
180,	QFN-20YU2D  ,	ANI020YU1002B       ,	020YUNI211               ,	0.00,	0.00,	0.00,	0.00,	0.00,	0.00,
181,	QFN-20YU2D  ,	ANI020YU1002B       ,	020YUNI219               ,	0.00,	0.00,	0.00,	0.00,	0.00,	0.00,
182,	QFN-20YU2D  ,	ANI020YU1002B       ,	020YUNI244               ,	0.00,	0.00,	0.00,	0.00,	0.00,	0.00,
183,	QFN-20YU2D  ,	ANI020YU1002B       ,	020YUNI247               ,	0.00,	0.00,	0.00,	0.00,	0.00,	0.00,
184,	QFN-20YU2D  ,	ANI020YU1001M       ,	020YUNI267               ,	0.00,	0.00,	0.00,	0.00,	0.00,	0.00,
185,	QFN-20YU2D  ,	ANI020YU1002B       ,	020YUNI280               ,	0.00,	0.00,	0.00,	0.00,	0.00,	0.00,
186,	QFN-20YU2D  ,	ANI020YU1002B       ,	020YUNI302               ,	0.00,	0.00,	0.00,	0.00,	0.00,	0.00,
187,	SMT         ,	AHQ0242D1001B       ,	000SHQ245                ,	0.00,	0.00,	0.00,	0.00,	0.00,	0.00,
188,	SMT         ,	AHQ0442J3003A       ,	000SHQ274                ,	0.00,	0.00,	0.00,	0.00,	0.00,	0.00,
189,	SMT         ,	AHQ0442J3005A       ,	000SHQ288                ,	0.00,	0.00,	0.00,	0.00,	0.00,	0.00,
190,	FPSTLGA44YBV,	AHQ0442J3005A       ,	0442JHQ027               ,	0.00,	0.00,	27.36,	7.62,	0.00,	0.00,
191,	FPSTLG34AW4V,	AHQ0345V1001A       ,	0345VCM002ENG            ,	0.00,	0.00,	0.00,	0.00,	0.00,	0.00,
192,	FPSTLGA44X4V,	AHQ0442J4001A       ,	0442JCM013ENG            ,	0.00,	0.00,	0.00,	0.00,	0.00,	0.00,
193,	FPSTLGA44t6V,	AHQ0445T2001C       ,	0445TCM009ENG            ,	0.00,	0.00,	0.00,	0.00,	0.00,	0.00,
194,	FBGA-78UEP  ,	AMS078EP1001A       ,	078EPCM008ENG            ,	0.00,	0.00,	0.00,	0.00,	0.00,	0.00,
195,	FBGA-84UC(2),	AYZ084CC2001A       ,	084UCCM185ENG            ,	0.00,	0.00,	0.00,	0.00,	0.00,	0.00,
196,	FMBGA-96UEF ,	AZI096EF2003A       ,	096EFCME001ENG           ,	0.00,	0.00,	0.00,	0.00,	0.00,	0.00,
197,	FBGA-96UEI  ,	AYZ096EI1002A       ,	096EICM028ENG            ,	0.00,	0.00,	0.00,	0.00,	0.00,	0.00,
198,	STBGA132G4VT,	ANV132X2C044A       ,	132X2CM101ENG            ,	0.00,	0.00,	0.00,	0.00,	0.00,	0.00,
199,	SSBGA153KAV ,	ANV153XT8023A       ,	153XTCM103ENG            ,	0.00,	0.00,	0.00,	0.00,	0.00,	0.00,
200,	SSBGA153JAVT,	AAS153XT9015A       ,	153XTCME004ENG           ,	0.00,	0.00,	0.00,	0.00,	0.00,	0.00,
201,	STBGA252C4V ,	AEU252X20001A       ,	252X2CM013ENG            ,	0.00,	0.00,	0.00,	0.00,	0.00,	0.00,
202,	MAT         ,	                    ,	0008WCD015               ,	0.00,	0.00,	0.00,	0.00,	0.00,	0.00,
203,	MINIBGA48J3U,	AAS048MAB001A       ,	048MAAS003               ,	39.03,	12.15,	0.00,	0.00,	0.00,	11.92,
204,	MINIBGA48J3U,	AAS048MAB002A       ,	048MAAS007               ,	0.00,	0.00,	32.92,	0.00,	0.00,	0.00,
205,	FBGA-96UEJ  ,	AAS096EI2001A       ,	096EIAS005               ,	0.00,	0.00,	8.05,	5.82,	0.00,	0.00,
206,	FBGAS-96UEL9,	AAS096EL4005A       ,	096ELAS054               ,	0.00,	0.00,	0.39,	0.00,	0.00,	0.00,
207,	MAT         ,	ENG                 ,	0008WVE001               ,	0.00,	0.00,	0.00,	0.00,	0.00,	0.00,
208,	VFBGA54B4L  ,	AGA054NB1006A       ,	054NBGA028               ,	0.00,	0.00,	0.00,	0.00,	0.00,	0.00,
209,	MINIBGA60A3 ,	BU060MV1004A        ,	060MVBU008               ,	0.00,	0.00,	0.00,	0.00,	0.00,	0.00,
210,	FBGA-96UEF  ,	ABU096EF2001A       ,	096EFBU001               ,	0.00,	0.00,	38.89,	9.93,	0.00,	0.00,
211,	MAT         ,	                    ,	0008WVG043               ,	0.00,	0.00,	0.00,	0.00,	0.00,	0.00,
212,	DFN-08YM2D  ,	ABU008YM2003A       ,	008YMVG006               ,	0.00,	0.00,	0.00,	0.00,	0.00,	0.00,
213,	DFN-08YQ2A  ,	ABU008YQ2002A       ,	008YQVG006               ,	0.00,	0.00,	0.00,	0.00,	0.00,	14.27,
214,	DFN-08YQ2A  ,	ABU008YQ2003A       ,	008YQVG007               ,	0.00,	0.00,	7.11,	2.79,	0.00,	0.00,
215,	FBGA-78U9   ,	AMS078C93001B       ,	078U9MS017               ,	0.00,	103.40,	259.02,	2.85,	0.00,	98.05,
216,	FBGA-78U9   ,	ALW078C93002A       ,	078U9LW014               ,	0.00,	0.00,	56.85,	6.54,	0.00,	0.00,
217,	SSLGA16DOU  ,	AAW016D53004A       ,	016D5AW011               ,	0.00,	0.00,	41.68,	12.51,	0.00,	5.55,
218,	MINIBGA24A3L,	AAW024MA5010B       ,	024MAAW026               ,	0.00,	0.00,	0.00,	0.00,	0.00,	0.00,
219,	TSOP1-48/48M,	AAW048TP1026E       ,	048TPAW054               ,	0.00,	0.00,	0.00,	0.00,	0.00,	0.00,
220,	TSOP1-48/48M,	AAW048TP1023B       ,	048TPAW060               ,	0.00,	0.00,	0.00,	0.00,	0.00,	0.00,
221,	TSOP1-48/48M,	AAW048TP1085A       ,	048TPAW199               ,	0.00,	0.00,	0.00,	0.00,	0.00,	0.00,
222,	WAFER       ,	                    ,	000IAXF008               ,	0.00,	0.00,	0.00,	0.00,	0.00,	0.00,
223,	MAT         ,	                    ,	0008WNV199               ,	0.00,	0.00,	0.00,	0.00,	0.00,	0.00,
224,	MAT         ,	                    ,	0008WNV366               ,	0.00,	0.00,	0.00,	0.00,	0.00,	0.00,
225,	MAT         ,	                    ,	0008WNV390               ,	0.00,	0.00,	0.00,	0.00,	0.00,	0.00,
226,	MAT         ,	                    ,	0008WNV391               ,	0.00,	0.00,	0.00,	0.00,	0.00,	0.00,
227,	MAT         ,	                    ,	0008WNV485               ,	0.00,	0.00,	0.00,	0.00,	0.00,	0.00,
228,	uSD08AQV-C  ,	ANV0086A1069A       ,	0086ANV162               ,	0.00,	0.00,	0.00,	0.00,	0.00,	0.00,
229,	STBGA132G4U ,	ANV132X2A004A       ,	132X2NV096               ,	0.00,	0.00,	0.00,	0.00,	0.00,	0.00,
230,	STBGA345NBC ,	ANV345XTG002A       ,	345XTNV080               ,	0.00,	0.00,	0.00,	0.00,	0.00,	0.00,
231,	FBGA-78UEN  ,	ATF078EN1001A       ,	078ENTF001               ,	0.00,	0.00,	0.00,	0.00,	0.00,	0.00,
232,	WLCSP       ,	                    ,	000IAAB015               ,	0.00,	0.00,	0.00,	0.00,	0.00,	0.00,
233,	DFN-08YM2D  ,	AAB008YM2038A       ,	008YMAB076               ,	0.00,	0.00,	0.00,	0.00,	0.00,	0.00,
234,	DFN-08YQ2A  ,	AAB008YQ2038A       ,	008YQAB088               ,	0.00,	0.00,	0.00,	0.00,	0.00,	0.00,
235,	STBGA24D6U  ,	AAB024XJ6008A       ,	024XJAB026               ,	0.00,	0.00,	0.44,	0.00,	0.00,	0.00,
236,	STBGA24D6U  ,	AAB024XW3010A       ,	024XWAB003               ,	0.00,	0.00,	0.48,	0.00,	0.00,	0.00,
237,	FBGA60UEM2-1,	AAB060EM2003A       ,	060EMAB007               ,	0.00,	0.00,	0.00,	0.00,	0.00,	0.00,
238,	FBGA96UEL(2),	AAB096EL1012A       ,	096ELAB043               ,	0.00,	0.00,	0.00,	0.00,	0.00,	0.00,
239,	WLCSP       ,	                    ,	000IABW045               ,	0.00,	0.00,	0.00,	0.00,	0.00,	0.00,
240,	WLCSP       ,	                    ,	000IABW053               ,	0.00,	0.00,	0.00,	0.00,	0.00,	0.00,
241,	WLCSP       ,	                    ,	000IABW094               ,	0.00,	0.00,	0.00,	0.00,	0.00,	0.00,
242,	WLCSP       ,	ENG                 ,	000IABW109               ,	0.00,	0.00,	0.00,	0.00,	0.00,	0.00,
243,	WLCSP       ,	                    ,	000IABW144               ,	0.00,	0.00,	0.00,	0.00,	0.00,	0.00,
244,	QFN-32YF1A  ,	ABW032YF1006B       ,	032YFBW029               ,	0.00,	0.00,	0.00,	0.00,	0.00,	0.00,
245,	FMBGA-96UEF ,	AZI096EF2003A       ,	096EFZI002               ,	0.00,	0.00,	0.00,	0.00,	0.00,	0.00,
246,	MAT         ,	,	0008WFCB001              ,	0.00,	0.00,	0.00,	0.00,	0.00,	0.00,
247,	MAT         ,	,	0008WSMT001              ,	0.00,	0.00,	0.00,	0.00,	0.00,	0.00,
248,	FCQFN-08OK2D,	ANI008OK2001A       ,	008OKNI039               ,	0.00,	0.00,	0.00,	0.00,	0.00,	0.00,
249,	FCQFN-08OK2D,	ANI008OK2001A       ,	008OKNI046               ,	0.00,	0.00,	0.00,	0.00,	0.00,	0.00,
250,	FCQFN-08OK2D,	ANI008OK2001A       ,	008OKNI075               ,	0.00,	0.00,	0.00,	0.00,	0.00,	0.00,
251,	DFN-08YK2A  ,	ANI008YK3002A       ,	008YKNI092               ,	0.00,	0.00,	0.00,	0.00,	0.00,	0.00,
252,	FCQFN-12Y32D,	ANI012Y32001B       ,	012Y3NI086               ,	0.00,	0.00,	0.00,	0.00,	0.00,	0.00,
253,	FCQFN-12Y32D,	ANI012Y32001B       ,	012Y3NI132               ,	0.00,	0.00,	0.00,	0.00,	0.00,	0.00,
254,	FCQFN-12Y32D,	ANI012Y32002D       ,	012Y3NI134               ,	0.00,	0.00,	0.00,	0.00,	0.00,	0.00,
255,	FCQFN-12Y32D,	ANI012Y32001B       ,	012Y3NI151               ,	0.00,	0.00,	0.00,	0.00,	0.00,	0.00,
256,	FCQFN-12Y32D,	ANI012Y32001B       ,	012Y3NI188               ,	0.00,	0.00,	0.00,	0.00,	0.00,	0.00,
257,	FCQFN-14OA2D,	ANI014OA1001C       ,	014OANI061               ,	0.00,	0.00,	0.00,	0.00,	0.00,	0.00,
258,	FCQFN-14OL2D,	ANI014OL1001C       ,	014OLNI044               ,	0.00,	0.00,	0.00,	0.00,	0.00,	0.00,
259,	FCQFN-16OF2D,	ANI016OF2003A       ,	016OFNI043               ,	0.00,	0.00,	0.00,	0.00,	0.00,	0.00,
260,	QFN-20YU2D  ,	ANI020YU1002B       ,	020YUNI068               ,	0.00,	0.00,	0.00,	0.00,	0.00,	0.00,
261,	QFN-20YU2D  ,	ANI020YU1002B       ,	020YUNI119               ,	0.00,	0.00,	0.00,	0.00,	0.00,	0.00,
262,	QFN-20YU2D  ,	ANI020YU1005C       ,	020YUNI157               ,	0.00,	0.00,	0.00,	0.00,	0.00,	0.00,
263,	QFN-20YU2D  ,	ANI020YU1002B       ,	020YUNI174               ,	0.00,	0.00,	0.00,	0.00,	0.00,	0.00,
264,	QFN-20YU2D  ,	ANI020YU1002B       ,	020YUNI203               ,	0.00,	0.00,	0.00,	0.00,	0.00,	0.00,
265,	QFN-20YU2D  ,	ANI020YU1002B       ,	020YUNI209               ,	0.00,	0.00,	0.00,	0.00,	0.00,	0.00,
266,	QFN-20YU2D  ,	ANI020YU1001M       ,	020YUNI242               ,	0.00,	0.00,	0.00,	0.00,	0.00,	0.00,
267,	QFN-20YU2D  ,	ANI020YU1002B       ,	020YUNI246               ,	0.00,	0.00,	0.00,	0.00,	0.00,	0.00,
268,	QFN-20YU2D  ,	ANI020YU1002B       ,	020YUNI256               ,	0.00,	0.00,	0.00,	0.00,	0.00,	0.00,
269,	QFN-20YU2D  ,	ANI020YU1002B       ,	020YUNI275               ,	0.00,	0.00,	0.00,	0.00,	0.00,	0.00,
270,	QFN-20YU2D  ,	ANI020YU1002B       ,	020YUNI310               ,	0.00,	0.00,	0.00,	0.00,	0.00,	0.00,
271,	QFN-20YU2D  ,	ANI020YU1001M       ,	020YUNI316               ,	0.00,	0.00,	0.00,	0.00,	0.00,	0.00,
272,	QFN-20YU2D  ,	ANI020YU1001M       ,	020YUNI320               ,	0.00,	0.00,	0.00,	0.00,	0.00,	0.00,
273,	QFN-20YU2D  ,	ANI020YU1001M       ,	020YUNI322               ,	0.00,	0.00,	0.00,	0.00,	0.00,	0.00,
274,	MAT         ,	                    ,	0008WHQ123               ,	0.00,	0.00,	0.00,	0.00,	0.00,	0.00,
275,	MAT         ,	                    ,	0008WCM197               ,	0.00,	0.00,	0.00,	0.00,	0.00,	0.00,
276,	DFN-08YD2A  ,	ACM008YD2005A       ,	008YDCME20ENG            ,	0.00,	0.00,	0.00,	0.00,	0.00,	0.00,
277,	DFN-08YM2G  ,	AAS008YM2024A       ,	008YMCME42ENG            ,	0.00,	0.00,	0.00,	0.00,	0.00,	0.00,
278,	FPSLGA22N6V ,	AHQ0225N1001A       ,	0225NCM002ENG            ,	0.00,	0.00,	0.00,	0.00,	0.00,	0.00,
279,	MINIBGA24A4L,	AAW024MA6022C       ,	024MACM045ENG            ,	0.00,	0.00,	0.00,	0.00,	0.00,	0.00,
280,	FPSTLG34AW4V,	AHQ0345V1001A       ,	0345VCM004ENG            ,	0.00,	0.00,	0.00,	0.00,	0.00,	0.00,
281,	VFBGA48KEU  ,	AAS048N01002A       ,	048N0CM002ENG            ,	0.00,	0.00,	0.00,	0.00,	0.00,	0.00,
282,	VFBGA48KEU  ,	AAS048N02001A       ,	048N0CM006ENG            ,	0.00,	0.00,	0.00,	0.00,	0.00,	0.00,
283,	TSOP1-48AM  ,	AMS048TW1072A       ,	048TWCME19ENG            ,	0.00,	0.00,	0.00,	0.00,	0.00,	0.00,
284,	VFBGA54B4U  ,	AAB054NR2001A       ,	054NRCM002ENG            ,	0.00,	0.00,	0.00,	0.00,	0.00,	0.00,
285,	TSOP2-54ME  ,	ACD054TN1002B       ,	054TNCM116ENG            ,	0.00,	0.00,	0.00,	0.00,	0.00,	0.00,
286,	FBGA-78UEN  ,	AMS078EN1005A       ,	078ENCM017ENG            ,	0.00,	0.00,	0.00,	0.00,	0.00,	0.00,
287,	FCBGA85A3F  ,	AST085UO1001A       ,	085UOCM001ENG            ,	0.00,	0.00,	0.00,	0.00,	0.00,	0.00,
288,	STBGA132C4V ,	ANV132X2B023A       ,	132X2CM100ENG            ,	0.00,	0.00,	0.00,	0.00,	0.00,	0.00,
289,	STBGA153HEV ,	ANV153XT8006A       ,	153XTCM119ENG            ,	0.00,	0.00,	0.00,	0.00,	0.00,	0.00,
290,	STBGA252D4V ,	AEU252X02002A       ,	252X0CM009ENG            ,	0.00,	0.00,	0.00,	0.00,	0.00,	0.00,
291,	STLGA08J4U  ,	ACD008DR1031A       ,	008DRCD032               ,	0.00,	0.00,	0.00,	0.00,	0.00,	0.00,
292,	TSOP2-54ME  ,	ACD054TN1002B       ,	054TNCD027               ,	0.00,	2.88,	0.00,	0.00,	0.00,	0.00,
293,	MAT         ,	ENG                 ,	0008WVE041               ,	0.00,	0.00,	0.00,	0.00,	0.00,	0.00,
294,	STBGA48D4L  ,	AVE048XV7001A       ,	048XVVE001               ,	0.00,	0.00,	0.00,	0.00,	0.00,	0.00,
295,	MAT         ,	ENG                 ,	0008WBU020               ,	0.00,	0.00,	0.00,	0.00,	0.00,	0.00,
296,	TSOP1-48/48M,	ABU048TP2022A       ,	048TPBU016               ,	0.00,	0.00,	0.00,	0.00,	0.00,	0.00,
297,	VFBGA90B4L  ,	ABU090NC8003B       ,	090NCBU016               ,	0.00,	0.00,	0.00,	0.00,	0.00,	0.00,
298,	FBGA-96LEA  ,	ABU096EA1003A       ,	096EABU007               ,	0.00,	0.00,	0.00,	0.00,	0.00,	0.00,
299,	SMT         ,	ABU153XT9005A       ,	000SVG018                ,	0.00,	0.00,	0.00,	0.00,	0.00,	0.00,
300,	DFN-08YM2D  ,	ABU008YM2008A       ,	008YMVG008               ,	0.00,	0.00,	0.00,	32.00,	0.00,	0.00,
301,	MAT         ,	                    ,	0008WOK070               ,	0.00,	0.00,	0.00,	0.00,	0.00,	0.00,
302,	MAT         ,	                    ,	0008WOK074               ,	0.00,	0.00,	0.00,	0.00,	0.00,	0.00,
303,	FBGA-78UEP  ,	AMS078EP1001A       ,	078EPMS004               ,	0.00,	11.68,	0.00,	0.00,	0.00,	0.00,
304,	MAT         ,	ENG                 ,	0008WAW036               ,	0.00,	0.00,	0.00,	0.00,	0.00,	0.00,
305,	MAT         ,	                    ,	0008WAW098               ,	0.00,	0.00,	0.00,	0.00,	0.00,	0.00,
306,	SMT         ,	AAW016D53019A       ,	000SAW017                ,	0.00,	0.00,	0.00,	0.00,	0.00,	0.00,
307,	MINIBGA24A3L,	AAW024MA6008A       ,	024MAAW012               ,	0.00,	0.00,	0.00,	0.00,	0.00,	0.00,
308,	MINIBGA24A4L,	AAW024MA6044B       ,	024MAAW075               ,	0.00,	0.00,	0.00,	0.00,	0.00,	0.00,
309,	STBGA24A4L  ,	AAW024XJ6011B       ,	024XJAW017               ,	11.90,	8.29,	0.00,	0.00,	0.00,	8.38,
310,	WAFER       ,	                    ,	000IAXF020               ,	0.00,	0.00,	0.00,	0.00,	0.00,	0.00,
311,	WAFER       ,	                    ,	000IAXF021               ,	0.00,	0.00,	0.00,	0.00,	0.00,	0.00,
312,	SMT         ,	ANV0086A1055A       ,	000SNV285                ,	0.00,	0.00,	0.00,	0.00,	0.00,	0.00,
313,	SMT         ,	ANV345XTB016A       ,	000SNV332                ,	0.00,	0.00,	0.00,	0.00,	0.00,	0.00,
314,	uSD08AQV-C  ,	ANV0086A1070A       ,	0086ANV163               ,	0.00,	0.00,	0.00,	0.00,	0.00,	0.00,
315,	MBGA132G4VT ,	ANV132X2C021A       ,	132X2NV190               ,	0.00,	0.00,	0.00,	0.00,	0.00,	0.00,
316,	STBGA153HEV ,	ANV153XT8006A       ,	153XTNV064               ,	0.00,	0.00,	1.10,	0.00,	0.00,	0.00,
317,	STBGA345NBC ,	ANV345XTG001A       ,	345XTNV079               ,	0.00,	0.00,	0.00,	0.00,	0.00,	0.00,
318,	STBGA345FBC ,	ANV345XTC010A       ,	345XTNV082               ,	0.00,	0.00,	0.00,	0.00,	0.00,	0.00,
319,	DFN-08YB2G  ,	AAB008YB2005A       ,	008YBAB011               ,	31.41,	18.72,	63.40,	18.39,	0.00,	0.00,
320,	DFN-08YB2G  ,	AAB008YB2011A       ,	008YBAB023               ,	0.00,	0.00,	0.00,	0.00,	0.00,	0.00,
321,	DFN-08YM2D  ,	AAB008YM2036A       ,	008YMAB063               ,	494.76,	165.30,	654.74,	16.00,	0.00,	182.07,
322,	DFN-08YM2D  ,	AAB008YM2018A       ,	008YMAB068               ,	83.42,	0.00,	98.77,	32.00,	0.00,	3.48,
323,	MINIBGA24A2L,	AAB024MA5010A       ,	024MAAB026               ,	0.00,	0.00,	0.00,	8.60,	0.00,	0.00,
324,	MINIBGA90A3 ,	AAB090MV1001A       ,	090MVAB010               ,	0.00,	0.00,	0.00,	0.00,	0.00,	0.00,
325,	FBGA96UEF3-2,	AAB096EF3001A       ,	096EFAB009               ,	0.00,	0.00,	11.22,	5.26,	0.00,	0.00,
326,	WLCSP       ,	ENG                 ,	000IABW020               ,	0.00,	0.00,	0.00,	0.00,	0.00,	0.00,
327,	WLCSP       ,	ENG                 ,	000IABW032               ,	0.00,	0.00,	0.00,	0.00,	0.00,	0.00,
328,	WLCSP       ,	ENG                 ,	000IABW040               ,	0.00,	0.00,	0.00,	0.00,	0.00,	0.00,
329,	WLCSP-WAFER ,	                    ,	000IABW124               ,	0.00,	0.00,	0.00,	0.00,	0.00,	0.00,
330,	QFN-32YF1A  ,	ABW032YF1012A       ,	032YFBW027               ,	0.00,	0.00,	0.00,	0.00,	0.00,	0.00,
331,	MBGA24J3U   ,	AQW024MAA001B       ,	024MAQW010               ,	0.00,	0.00,	0.00,	0.00,	0.00,	0.00,
332,	TSOP2-54CME ,	ACS054TS1006A       ,	054TSCS009               ,	0.00,	0.00,	0.00,	0.00,	0.00,	0.00,
333,	MAT         ,	,	0008WDAE001              ,	0.00,	0.00,	0.00,	0.00,	0.00,	0.00,
334,	MAT         ,	,	0008WDAF001              ,	0.00,	0.00,	0.00,	0.00,	0.00,	0.00,
335,	FCQFN-08OK2D,	ANI008OK2001A       ,	008OKNI042               ,	0.00,	0.00,	0.00,	0.00,	0.00,	0.00,
336,	FCQFN-08OK2D,	ANI008OK2001A       ,	008OKNI071               ,	0.00,	0.00,	0.00,	0.00,	0.00,	0.00,
337,	FCDFN-08Y72D,	ANI008Y71001C       ,	008Y7NI029               ,	0.00,	0.00,	0.00,	0.00,	0.00,	0.00,
338,	FCDFN-08YZ2A,	ANI008YZ1001D       ,	008YZNI040               ,	0.00,	0.00,	0.00,	0.00,	0.00,	0.00,
339,	FCDFN-09YZ2A,	ANI009YZ1001A       ,	009YZNI012               ,	0.00,	0.00,	0.00,	0.00,	0.00,	0.00,
340,	FCQFN-12Y32D,	ANI012Y32002D       ,	012Y3NI123               ,	0.00,	0.00,	0.00,	0.00,	0.00,	0.00,
341,	FCQFN-12Y32D,	ANI012Y32002D       ,	012Y3NI148               ,	0.00,	0.00,	0.00,	0.00,	0.00,	0.00,
342,	FCQFN-12Y32D,	ANI012Y32002D       ,	012Y3NI150               ,	0.00,	0.00,	0.00,	0.00,	0.00,	0.00,
343,	FCQFN-12Y32D,	ANI012Y32001B       ,	012Y3NI154               ,	0.00,	0.00,	0.00,	0.00,	0.00,	0.00,
344,	FCQFN-12Y32D,	ANI012Y32002D       ,	012Y3NI179               ,	0.00,	0.00,	0.00,	0.00,	0.00,	0.00,
345,	FCQFN-12Y32D,	ANI012Y32002D       ,	012Y3NI181               ,	0.00,	0.00,	0.00,	0.00,	0.00,	0.00,
346,	FCQFN-16OF2D,	ANI016OF2003A       ,	016OFNI034               ,	0.00,	0.00,	0.00,	0.00,	0.00,	0.00,
347,	FCQFN-16OF2D,	ANI016OF2003A       ,	016OFNI035               ,	0.00,	0.00,	0.00,	0.00,	0.00,	0.00,
348,	FCQFN-16OF2D,	ANI016OF2001B       ,	016OFNI036               ,	0.00,	0.00,	0.00,	0.00,	0.00,	0.00,
349,	QFN-20YU2D  ,	ANI020YU1002B       ,	020YUNI123               ,	0.00,	0.00,	0.00,	0.00,	0.00,	0.00,
350,	QFN-20YU2D  ,	ANI020YU1001M       ,	020YUNI163               ,	0.00,	0.00,	0.00,	0.00,	0.00,	0.00,
351,	QFN-20YU2D  ,	ANI020YU1002B       ,	020YUNI175               ,	0.00,	0.00,	0.00,	0.00,	0.00,	0.00,
352,	QFN-20YU2D  ,	ANI020YU1002B       ,	020YUNI178               ,	0.00,	0.00,	0.00,	0.00,	0.00,	0.00,
353,	QFN-20YU2D  ,	ANI020YU1002B       ,	020YUNI202               ,	0.00,	0.00,	0.00,	0.00,	0.00,	0.00,
354,	QFN-20YU2D  ,	ANI020YU1002B       ,	020YUNI207               ,	0.00,	0.00,	0.00,	0.00,	0.00,	0.00,
355,	QFN-20YU2D  ,	ANI020YU1002B       ,	020YUNI224               ,	0.00,	0.00,	0.00,	0.00,	0.00,	0.00,
356,	QFN-20YU2D  ,	ANI020YU1001M       ,	020YUNI228               ,	0.00,	0.00,	0.00,	0.00,	0.00,	0.00,
357,	QFN-20YU2D  ,	ANI020YU1002B       ,	020YUNI248               ,	0.00,	0.00,	0.00,	0.00,	0.00,	0.00,
358,	QFN-20YU2D  ,	ANI020YU1002B       ,	020YUNI304               ,	0.00,	0.00,	0.00,	0.00,	0.00,	0.00,
359,	MAT         ,	                    ,	0008WHQ165               ,	0.00,	0.00,	0.00,	0.00,	0.00,	0.00,
360,	SMT         ,	AHQ0345J1001A       ,	000SHQ213                ,	0.00,	0.00,	0.00,	0.00,	0.00,	0.00,
361,	SMT         ,	AHQ0345V1001A       ,	000SHQ290                ,	0.00,	0.00,	0.00,	0.00,	0.00,	0.00,
362,	SMT         ,	AHQ0445T2001C       ,	000SHQ298                ,	0.00,	0.00,	0.00,	0.00,	0.00,	0.00,
363,	FPSLGA26MJP ,	AHQ0262G1002A       ,	0262GHQ006               ,	0.00,	0.00,	0.00,	0.00,	0.00,	0.00,
364,	MBGA24J3U   ,	AAB024MAA010A       ,	024MACM121ENG            ,	0.00,	0.00,	0.00,	0.00,	0.00,	0.00,
365,	FCQFN36YF5SW,	ATH036YF5001A       ,	036YFCM001ENG            ,	0.00,	0.00,	0.00,	0.00,	0.00,	0.00,
366,	FPSTLGA44tBV,	AHQ0442J3003A       ,	0442JCM008ENG            ,	0.00,	0.00,	0.00,	0.00,	0.00,	0.00,
367,	VFBGA63BFU  ,	AAB063NW3013A       ,	063NWCME27ENG            ,	0.00,	0.00,	0.00,	0.00,	0.00,	0.00,
368,	FBGA-84UCK8 ,	AQB084CC9001A       ,	084UCCME31ENG            ,	0.00,	0.00,	0.00,	0.00,	0.00,	0.00,
369,	FBGAS-96UEL9,	AAS096EL4004A       ,	096ELCME35ENG            ,	0.00,	0.00,	0.00,	0.00,	0.00,	0.00,
370,	STBGA132G4U ,	ANV132X25003B       ,	132X2CME18ENG            ,	0.00,	0.00,	0.00,	0.00,	0.00,	0.00,
371,	STBGA153GEV ,	ANV153XT9005A       ,	153XTCME001ENG           ,	0.00,	0.00,	0.00,	0.00,	0.00,	0.00,
372,	STBGA345JAV ,	ANV345XT9001A       ,	345XTCM025ENG            ,	0.00,	0.00,	0.00,	0.00,	0.00,	0.00,
373,	MAT         ,	                    ,	0008WCD026               ,	0.00,	0.00,	0.00,	0.00,	0.00,	0.00,
374,	TSOP2-54ME  ,	ACD054TA1007A       ,	054TNCD011               ,	0.00,	0.00,	5.76,	5.76,	0.00,	0.00,
375,	MINIBGA48J3U,	AAS048MAB006A       ,	048MAAS008               ,	0.00,	0.00,	0.00,	0.00,	0.00,	0.00,
376,	FBGA-84UCK8 ,	AAS084CC9004A       ,	084UCAS068               ,	0.00,	0.00,	0.00,	0.00,	0.00,	0.00,
377,	MAT         ,	ENG                 ,	0008WVE002               ,	0.00,	0.00,	0.00,	0.00,	0.00,	0.00,
378,	MINIBGA54J4U,	ABU054MF6001A       ,	054MFBU009               ,	0.00,	0.00,	0.00,	0.00,	0.00,	0.00,
379,	FBGA-78LEA  ,	ABU078EA1001A       ,	078EABU001               ,	0.00,	0.00,	22.23,	8.30,	0.00,	2.92,
380,	STBGA84D4P  ,	ABU084XU2001B       ,	084XUBU007               ,	0.00,	0.00,	0.00,	0.00,	0.00,	0.00,
381,	TSOP2-86E   ,	ABU086TA1007A       ,	086TABU026               ,	0.00,	0.00,	0.00,	0.00,	0.00,	0.00,
382,	DFN-08YD2A  ,	ABU008YD2004A       ,	008YDVG006               ,	0.00,	0.00,	0.00,	7.04,	0.00,	0.00,
383,	DFN-08YQ2A  ,	ABU008YQ2018A       ,	008YQVG014               ,	0.00,	0.00,	4.32,	0.00,	0.00,	0.00,
384,	MINIBGA24J4U,	ABU024MA6004A       ,	024MAVG006               ,	0.00,	0.00,	0.00,	0.00,	0.00,	0.00,
385,	TSOP1-48/48M,	ABU048TP2007A       ,	048TPVG013               ,	0.00,	0.00,	0.00,	0.00,	0.00,	0.00,
386,	SMT         ,	AOK016D54002A       ,	000SOK014                ,	0.00,	0.00,	0.00,	0.00,	0.00,	0.00,
387,	QFN-72AF1   ,	AQH072AF1001A       ,	072AFQH001               ,	0.00,	0.00,	0.00,	0.00,	0.00,	0.00,
388,	TSOP1-48AM  ,	AMS048TW1037A       ,	048TWMS046               ,	55.68,	8.64,	23.36,	12.96,	0.00,	0.00,
389,	TSOP1-48AM  ,	AMS048TW1046A       ,	048TWMS087               ,	0.00,	0.00,	24.54,	4.32,	0.00,	0.00,
390,	MAT         ,	                    ,	0008WAW086               ,	0.00,	0.00,	0.00,	0.00,	0.00,	0.00,
391,	SSLGA16DOU  ,	AAW016D53011A       ,	016D5AW040               ,	0.00,	0.00,	0.00,	0.00,	0.00,	0.00,
392,	MINIBGA24A3L,	AAW024MA5007A       ,	024MAAW010               ,	0.00,	0.00,	0.00,	0.00,	0.00,	0.00,
393,	MINIBGA24A4L,	AAW024MA6027C       ,	024MAAW051               ,	0.00,	0.00,	0.00,	0.00,	0.00,	0.00,
394,	STBGA24A4L  ,	AAW024XJ6010B       ,	024XJAW020               ,	0.00,	0.00,	0.00,	0.00,	0.00,	6.44,
395,	STBGA52D4L  ,	AAW052XY1002A       ,	052XYAW004               ,	98.28,	22.75,	43.40,	5.63,	0.00,	11.41,
396,	MBGA64J4U   ,	AAW064MR1016A       ,	064MRAW019               ,	0.00,	0.00,	0.00,	0.00,	0.00,	0.00,
397,	MAT         ,	                    ,	0008WNV501               ,	0.00,	0.00,	0.00,	0.00,	0.00,	0.00,
398,	SMT         ,	ANV0086A1032A       ,	000SNV294                ,	0.00,	0.00,	0.00,	0.00,	0.00,	0.00,
399,	SMT         ,	ANV345XTC009B       ,	000SNV376                ,	0.00,	0.00,	0.00,	0.00,	0.00,	0.00,
400,	uSD08AQV-C  ,	ANV0086A1065A       ,	0086ANV178               ,	78.34,	33.24,	0.00,	0.00,	0.00,	38.44,
401,	uSD08AQV-C  ,	ANV0086A1070A       ,	0086ANV180               ,	0.00,	0.00,	0.46,	0.00,	0.00,	0.00,
402,	STBGA132G4VT,	ANV132X2C059A       ,	132X2NV158               ,	0.00,	0.00,	14.66,	2.06,	0.00,	0.00,
403,	SSBGA153HEV ,	ANV153XT8008A       ,	153XTNV065               ,	0.00,	0.00,	0.00,	0.00,	0.00,	0.00,
404,	WLCSP       ,	ENG                 ,	000IAVT001               ,	0.00,	0.00,	0.00,	0.00,	0.00,	0.00,
405,	TSOP1-48MR-C,	AEU048TR2004A       ,	048TREU010               ,	0.00,	0.00,	0.00,	0.00,	0.00,	0.00,
406,	TSOP1-48MR2C,	AEU048TR2003A       ,	048TREU016               ,	0.00,	0.00,	0.00,	0.00,	0.00,	0.00,
407,	MAT         ,	                    ,	0008WAB216               ,	0.00,	0.00,	0.00,	0.00,	0.00,	0.00,
408,	FBGA60UEM2-1,	AAB060EM2002A       ,	060EMAB003               ,	0.00,	0.00,	58.64,	19.69,	0.00,	0.00,
409,	MAT         ,	                    ,	0008WGJ082               ,	0.00,	0.00,	0.00,	0.00,	0.00,	0.00,
410,	WLCSP       ,	ENG                 ,	000IABW036               ,	0.00,	0.00,	0.00,	0.00,	0.00,	0.00,
411,	WLCSP       ,	                    ,	000IABW067               ,	0.00,	0.00,	0.00,	0.00,	0.00,	0.00,
412,	WLCSP       ,	                    ,	000IABW075               ,	0.00,	0.00,	0.00,	0.00,	0.00,	0.00,
413,	MAT         ,	,	0008WLAS001              ,	0.00,	0.00,	0.00,	0.00,	0.00,	0.00,
414,	FCQFN-08OK2D,	ANI008OK2001A       ,	008OKNI047               ,	0.00,	0.00,	0.00,	0.00,	0.00,	0.00,
415,	FCQFN-08OK2D,	ANI008OK2001A       ,	008OKNI069               ,	0.00,	0.00,	0.00,	0.00,	0.00,	0.00,
416,	FCQFN-08OK2D,	ANI008OK2001A       ,	008OKNI091               ,	0.00,	0.00,	0.00,	0.00,	0.00,	0.00,
417,	DFN-08YK2A  ,	ANI008YK3002A       ,	008YKNI090               ,	0.00,	0.00,	35.24,	0.00,	0.00,	0.00,
418,	FCDFN-08YZ2A,	ANI008YZ1001D       ,	008YZNI002               ,	0.00,	0.00,	0.00,	0.00,	0.00,	0.00,
419,	FCQFN-12Y32D,	ANI012Y32001B       ,	012Y3NI131               ,	0.00,	0.00,	0.00,	0.00,	0.00,	0.00,
420,	FCQFN-12Y32D,	ANI012Y32001B       ,	012Y3NI142               ,	0.00,	0.00,	0.00,	0.00,	0.00,	0.00,
421,	FCQFN-12Y32D,	ANI012Y32002D       ,	012Y3NI153               ,	0.00,	0.00,	0.00,	0.00,	0.00,	0.00,
422,	FCQFN-12Y32D,	ANI012Y32001B       ,	012Y3NI158               ,	0.00,	0.00,	0.00,	0.00,	0.00,	0.00,
423,	FCQFN-12Y32D,	ANI012Y32002D       ,	012Y3NI177               ,	0.00,	0.00,	0.00,	0.00,	0.00,	0.00,
424,	FCQFN-14OA2D,	ANI014OA1001C       ,	014OANI051               ,	0.00,	0.00,	0.00,	0.00,	0.00,	0.00,
425,	FCQFN-14OL2D,	ANI014OL1001C       ,	014OLNI033               ,	0.00,	0.00,	0.00,	0.00,	0.00,	0.00,
426,	FCQFN-16OF2D,	ANI016OF2001B       ,	016OFNI042               ,	0.00,	0.00,	0.00,	0.00,	0.00,	0.00,
427,	QFN-20YU2D  ,	ANI020YU1005C       ,	020YUNI110               ,	0.00,	0.00,	0.00,	0.00,	0.00,	0.00,
428,	QFN-20YU2D  ,	ANI020YU1005C       ,	020YUNI112               ,	0.00,	0.00,	0.00,	0.00,	0.00,	0.00,
429,	QFN-20YU2D  ,	ANI020YU1002B       ,	020YUNI122               ,	0.00,	0.00,	0.00,	0.00,	0.00,	0.00,
430,	QFN-20YU2D  ,	ANI020YU1002B       ,	020YUNI141               ,	0.00,	0.00,	0.00,	0.00,	0.00,	0.00,
431,	QFN-20YU2D  ,	ANI020YU1002B       ,	020YUNI146               ,	0.00,	0.00,	0.00,	0.00,	0.00,	0.00,
432,	QFN-20YU2D  ,	ANI020YU1002B       ,	020YUNI183               ,	0.00,	0.00,	0.00,	0.00,	0.00,	0.00,
433,	QFN-20YU2D  ,	ANI020YU1002B       ,	020YUNI263               ,	0.00,	0.00,	0.00,	0.00,	0.00,	0.00,
434,	QFN-20YU2D  ,	ANI020YU1002B       ,	020YUNI284               ,	0.00,	0.00,	0.00,	0.00,	0.00,	0.00,
435,	QFN-20YU2D  ,	ANI020YU1002B       ,	020YUNI286               ,	0.00,	0.00,	0.00,	0.00,	0.00,	0.00,
436,	QFN-20YU2D  ,	ANI020YU1002B       ,	020YUNI292               ,	0.00,	0.00,	0.00,	0.00,	0.00,	0.00,
437,	QFN-20YU2D  ,	ANI020YU1002B       ,	020YUNI294               ,	0.00,	0.00,	0.00,	0.00,	0.00,	0.00,
438,	MAT         ,	                    ,	0008WHQ166               ,	0.00,	0.00,	0.00,	0.00,	0.00,	0.00,
439,	FPSLGA22AR5P,	AHQ0225H1001A       ,	0225HHQ003               ,	0.00,	0.00,	0.00,	0.00,	0.00,	0.00,
440,	FPSLGA28t6V ,	AHQ0282L3003A       ,	0282LHQ048               ,	0.00,	0.00,	2.94,	2.94,	0.00,	0.00,
441,	FPSTLG34AW4V,	AHQ0345V1001A       ,	0345VHQ008               ,	0.00,	3.38,	0.00,	0.00,	0.00,	0.00,
442,	FPSTLGA44X4V,	AHQ0442J4001A       ,	0442JHQ031               ,	0.00,	0.00,	20.50,	4.69,	0.00,	0.00,
443,	MAT         ,	                    ,	0008WACM124ENG           ,	0.00,	0.00,	0.00,	0.00,	0.00,	0.00,
444,	MAT         ,	                    ,	0008WCM912ENG            ,	0.00,	0.00,	0.00,	0.00,	0.00,	0.00,
445,	MAT         ,	                    ,	0008WCMA110ENG           ,	0.00,	0.00,	0.00,	0.00,	0.00,	0.00,
446,	MAT         ,	                    ,	0008WCMA113ENG           ,	0.00,	0.00,	0.00,	0.00,	0.00,	0.00,
447,	MAT         ,	                    ,	0008WCME153ENG           ,	0.00,	0.00,	0.00,	0.00,	0.00,	0.00,
448,	SMT         ,	AXY391KJ3003A       ,	000SCM110ENG             ,	0.00,	0.00,	0.00,	0.00,	0.00,	0.00,
449,	uSD08AQV    ,	ANV0086A1008A       ,	0086ACM125ENG            ,	0.00,	0.00,	0.00,	0.00,	0.00,	0.00,
450,	DFN-08Y62D  ,	AAW008Y62031A       ,	008Y6CME16ENG            ,	0.00,	0.00,	0.00,	0.00,	0.00,	0.00,
451,	STDFN-08YQ2A,	ABU008YQ2008A       ,	008YQCM138ENG            ,	0.00,	0.00,	0.00,	0.00,	0.00,	0.00,
452,	DFN-08YQ2A  ,	ABU008YQ2025A       ,	008YQCM140ENG            ,	0.00,	0.00,	0.00,	0.00,	0.00,	0.00,
453,	STBGA24D4L  ,	AAW024XJ3002A       ,	024XJCM048ENG            ,	0.00,	0.00,	0.00,	0.00,	0.00,	0.00,
454,	FPSTLGA34qSP,	AHQ0343A2001B       ,	0343ACM012ENG            ,	0.00,	0.00,	0.00,	0.00,	0.00,	0.00,
455,	VFBGA48KEU  ,	ACM048N02001A       ,	048N0CM007ENG            ,	0.00,	0.00,	0.00,	0.00,	0.00,	0.00,
456,	VFBGA48KEU  ,	ACM048N02002A       ,	048N0CM008ENG            ,	0.00,	0.00,	0.00,	0.00,	0.00,	0.00,
457,	TSOP1-48/48M,	AAS048TP2002A       ,	048TPCM136ENG            ,	0.00,	0.00,	0.00,	0.00,	0.00,	0.00,
458,	VFBGA54B4U  ,	AAB054NB6001A       ,	054NBCM031ENG            ,	0.00,	0.00,	0.00,	0.00,	0.00,	0.00,
459,	TSOP2-54ME  ,	ACD054TN1001A       ,	054TNCM094ENG            ,	0.00,	0.00,	0.00,	0.00,	0.00,	0.00,
460,	FBGA-84UC2H ,	AAB084CC9001A       ,	084UCCME22ENG            ,	0.00,	0.00,	0.00,	0.00,	0.00,	0.00,
461,	QFN88Y23AW  ,	AMF088Y23001A       ,	088Y2CME001ENG           ,	0.00,	0.00,	0.20,	0.00,	0.00,	0.00,
462,	FBGA96UEL(2),	AAB096EL1002A       ,	096ELCM017ENG            ,	0.00,	0.00,	0.00,	0.00,	0.00,	0.00,
463,	FBGA96UEL(2),	AAB096EL1003A       ,	096ELCM021ENG            ,	0.00,	0.00,	0.00,	0.00,	0.00,	0.00,
464,	FBGA-96UEL-2,	AMS096EL2002A       ,	096ELCME24ENG            ,	0.00,	0.00,	0.00,	0.00,	0.00,	0.00,
465,	STBGA162B4U ,	AAB162KE1008A       ,	162KECME17ENG            ,	0.00,	0.00,	0.00,	0.00,	0.00,	0.00,
466,	FBGA-84UC   ,	AAS084CC2007A       ,	084UCAS067               ,	0.00,	0.00,	0.00,	0.00,	0.00,	0.00,
467,	FBGA-96UEL-3,	AAS096EL1002A       ,	096ELAS001               ,	0.00,	12.44,	31.73,	5.96,	0.00,	13.51,
468,	FBGA-96UEL-3,	AAS096EL1001A       ,	096ELAS005               ,	0.00,	0.00,	0.00,	0.00,	0.00,	0.00,
469,	TSOP2-54CMES,	AVE054TS1001E       ,	054TSVE001               ,	0.00,	0.00,	0.00,	0.00,	0.00,	0.00,
470,	FBGA-144L7  ,	ABU144C71001B       ,	144C7BU011               ,	0.00,	0.00,	0.00,	0.00,	0.00,	1.57,
471,	VFBGA200jEV ,	ABU200N75003A       ,	200N7BU030               ,	0.00,	0.00,	0.00,	0.00,	0.00,	0.00,
472,	DFN-08YD2A  ,	ABU008YD2001A       ,	008YDVG005               ,	0.00,	0.00,	21.12,	7.04,	0.00,	0.00,
473,	DFN-08YD2A  ,	ABU008YD2009A       ,	008YDVG009               ,	5.82,	2.30,	0.00,	0.00,	0.00,	19.36,
474,	TSOP1-48/48M,	ABU048TP2006A       ,	048TPVG001               ,	10.67,	8.64,	0.00,	0.00,	0.00,	8.64,
475,	TSOP1-48AM  ,	AMS048TW1057A       ,	048TWMS067               ,	0.00,	8.64,	2.13,	6.48,	0.00,	10.77,
476,	FBGA-78UEP  ,	ALW078EP1001A       ,	078EPLW008               ,	0.00,	6.89,	10.55,	0.00,	0.00,	0.00,
477,	VFBGA132B4U ,	ALW132NY4049A       ,	132NYLW044               ,	0.00,	0.00,	0.00,	0.00,	0.00,	0.00,
478,	SMT         ,	AAW016D53011A       ,	000SAW016                ,	0.00,	0.00,	0.00,	0.00,	0.00,	0.00,
479,	MINIBGA24A4L,	AAW024MA6024A       ,	024MAAW047               ,	0.00,	0.00,	0.00,	0.00,	0.00,	0.00,
480,	VFBGA48KEU  ,	AAW048N03001A       ,	048N0AW001               ,	0.00,	0.00,	0.00,	0.00,	0.00,	0.00,
481,	TSOP1-48/48M,	AAW048TP1043B       ,	048TPAW105               ,	0.00,	0.00,	0.00,	0.00,	0.00,	0.00,
482,	MAT         ,	                    ,	0008WNV207               ,	0.00,	0.00,	0.00,	0.00,	0.00,	0.00,
483,	MAT         ,	                    ,	0008WNV323               ,	0.00,	0.00,	0.00,	0.00,	0.00,	0.00,
484,	SMT         ,	ANV345XTB007A       ,	000SNV281                ,	0.00,	0.00,	0.00,	0.00,	0.00,	0.00,
485,	STBGA132C4V ,	ANV132X2B023A       ,	132X2NV164               ,	0.00,	0.00,	0.00,	0.00,	0.00,	0.00,
486,	MBGA132G4VT ,	ANV132X2C021A       ,	132X2NV186               ,	0.00,	0.00,	0.00,	0.00,	0.00,	0.00,
487,	STBGA153HEV ,	ANV153XT8017A       ,	153XTNV093               ,	0.00,	0.00,	0.00,	0.00,	0.00,	0.00,
488,	FBGA-78UEP  ,	ARK078EP1001A       ,	078EPRK001               ,	45.60,	10.90,	8.35,	8.63,	0.00,	11.90,
489,	DFN-08YD2A  ,	AAB008YD2014A       ,	008YDAB030               ,	0.00,	0.00,	0.00,	0.00,	0.00,	0.00,
490,	DFN-08YM2D  ,	AAB008YM2025A       ,	008YMAB047               ,	127.82,	32.00,	256.25,	0.00,	0.00,	48.00,
491,	DFN-08YM2D  ,	AAB008YM2019A       ,	008YMAB051               ,	0.00,	0.00,	31.68,	0.00,	0.00,	0.00,
492,	STDFN-08YQ2A,	AAB008YQ2045A       ,	008YQAB085               ,	117.78,	17.28,	78.91,	27.53,	0.00,	20.83,
493,	DFN-08YQ2A  ,	AAB008YQ2057A       ,	008YQAB110               ,	0.00,	0.00,	0.00,	0.00,	0.00,	0.00,
494,	MBGA24A2L   ,	AAB024MA6017A       ,	024MAAB038               ,	0.00,	0.00,	0.00,	0.00,	0.00,	0.00,
495,	TSOP1-48AM  ,	AAB048TW2002A       ,	048TWAB016               ,	0.00,	0.00,	0.00,	0.00,	0.00,	0.00,
496,	VFBGA60B4L  ,	AAB060NR1007A       ,	060NRAB016               ,	41.30,	11.52,	29.82,	5.70,	0.00,	17.25,
497,	VFBGA63BFU  ,	AAB063NW3008A       ,	063NWAB006               ,	0.00,	0.00,	24.29,	5.94,	0.00,	0.00,
498,	TSOP2-66ME  ,	AAB066TN1003A       ,	066TNAB036               ,	0.00,	0.00,	0.00,	0.00,	0.00,	0.00,
499,	WLCSP       ,	                    ,	000IABW072               ,	0.00,	0.00,	0.00,	0.00,	0.00,	0.00,
500,	WLCSP-WAFER ,	                    ,	000IABW091               ,	0.00,	0.00,	0.00,	0.00,	0.00,	0.00,
501,	WLCSP       ,	                    ,	000IABW107               ,	0.00,	0.00,	0.00,	0.00,	0.00,	0.00,
502,	WLCSP-WAFER ,	                    ,	000IABW122               ,	0.00,	0.00,	0.00,	0.00,	0.00,	0.00,
503,	WLCSP       ,	                    ,	000IABW123               ,	0.00,	0.00,	0.00,	0.00,	0.00,	0.00,
504,	WLCSP-WAFER ,	                    ,	000IABW151               ,	0.00,	0.00,	0.00,	0.00,	0.00,	0.00,
505,	QFN-72AF1   ,	ABW072AF1004B       ,	072AFBW022               ,	0.00,	0.00,	0.00,	0.00,	0.00,	0.00,
506,	DFN-08YM2G  ,	AQW008YM2004A       ,	008YMQW006               ,	0.00,	0.00,	0.00,	0.00,	0.00,	0.00,
507,	TSOP2-66CME ,	AQW066TS1001A       ,	066TSQW001               ,	0.00,	0.00,	0.00,	0.00,	0.00,	0.00,
508,	MAT         ,	                    ,	0008WZI012               ,	0.00,	0.00,	0.00,	0.00,	0.00,	0.00,
509,	FCQFN-08OK2D,	ANI008OK2001A       ,	008OKNI037               ,	0.00,	0.00,	0.00,	0.00,	0.00,	0.00,
510,	FCQFN-08OK2D,	ANI008OK2001A       ,	008OKNI050               ,	0.00,	0.00,	0.00,	0.00,	0.00,	0.00,
511,	FCQFN-08OK2D,	ANI008OK2001A       ,	008OKNI065               ,	0.00,	0.00,	0.00,	0.00,	0.00,	0.00,
512,	FCQFN-08OK2D,	ANI008OK2001A       ,	008OKNI087               ,	0.00,	0.00,	0.00,	0.00,	0.00,	0.00,
513,	FCDFN-08Y72D,	ANI008Y71001C       ,	008Y7NI003               ,	0.00,	0.00,	0.00,	0.00,	0.00,	0.00,
514,	FCDFN-08YZ2A,	ANI008YZ1001D       ,	008YZNI017               ,	0.00,	0.00,	0.00,	0.00,	0.00,	0.00,
515,	DFN-12Y12A  ,	ANI012Y11002C       ,	012Y1NI057               ,	0.00,	0.00,	0.00,	0.00,	0.00,	0.00,
516,	FCQFN-12Y32D,	ANI012Y32001B       ,	012Y3NI122               ,	0.00,	0.00,	0.00,	0.00,	0.00,	0.00,
517,	FCQFN-12Y32D,	ANI012Y32001B       ,	012Y3NI126               ,	0.00,	0.00,	0.00,	0.00,	0.00,	0.00,
518,	FCQFN-12Y32D,	ANI012Y32002D       ,	012Y3NI129               ,	0.00,	0.00,	0.00,	0.00,	0.00,	0.00,
519,	FCQFN-12Y32D,	ANI012Y32002D       ,	012Y3NI144               ,	0.00,	0.00,	0.00,	0.00,	0.00,	0.00,
520,	FCQFN-12Y32D,	ANI012Y32002D       ,	012Y3NI145               ,	0.00,	0.00,	0.00,	0.00,	0.00,	0.00,
521,	FCQFN-12Y32D,	ANI012Y32002D       ,	012Y3NI146               ,	0.00,	0.00,	0.00,	0.00,	0.00,	0.00,
522,	FCQFN-12Y32D,	ANI012Y32002D       ,	012Y3NI162               ,	0.00,	0.00,	0.00,	0.00,	0.00,	0.00,
523,	FCQFN-12Y32D,	ANI012Y32002D       ,	012Y3NI169               ,	0.00,	0.00,	0.00,	0.00,	0.00,	0.00,
524,	FCQFN-14OA2D,	ANI014OA1001C       ,	014OANI052               ,	0.00,	0.00,	0.00,	0.00,	0.00,	0.00,
525,	FCQFN-14OA2D,	ANI014OA1001C       ,	014OANI055               ,	0.00,	0.00,	0.00,	0.00,	0.00,	0.00,
526,	FCQFN-14OA2D,	ANI014OA1001C       ,	014OANI060               ,	0.00,	0.00,	0.00,	0.00,	0.00,	0.00,
527,	FCQFN-14OL2D,	ANI014OL1001C       ,	014OLNI029               ,	0.00,	0.00,	0.00,	0.00,	0.00,	0.00,
528,	FCQFN-14OL2D,	ANI014OL1001C       ,	014OLNI031               ,	0.00,	0.00,	0.00,	0.00,	0.00,	0.00,
529,	FCQFN-14OL2D,	ANI014OL1001C       ,	014OLNI042               ,	0.00,	0.00,	0.00,	0.00,	0.00,	0.00,
530,	QFN-20YU2D  ,	ANI020YU1002B       ,	020YUNI092               ,	0.00,	0.00,	0.00,	0.00,	0.00,	0.00,
531,	QFN-20YU2D  ,	ANI020YU1001M       ,	020YUNI101               ,	0.00,	0.00,	0.00,	0.00,	0.00,	0.00,
532,	QFN-20YU2D  ,	ANI020YU1002B       ,	020YUNI125               ,	0.00,	0.00,	0.00,	0.00,	0.00,	0.00,
533,	QFN-20YU2D  ,	ANI020YU1005C       ,	020YUNI156               ,	0.00,	0.00,	0.00,	0.00,	0.00,	0.00,
534,	QFN-20YU2D  ,	ANI020YU1001M       ,	020YUNI162               ,	0.00,	0.00,	0.00,	0.00,	0.00,	0.00,
535,	QFN-20YU2D  ,	ANI020YU1002B       ,	020YUNI205               ,	0.00,	0.00,	0.00,	0.00,	0.00,	0.00,
536,	QFN-20YU2D  ,	ANI020YU1002B       ,	020YUNI250               ,	0.00,	0.00,	0.00,	0.00,	0.00,	0.00,
537,	QFN-20YU2D  ,	ANI020YU1002B       ,	020YUNI252               ,	0.00,	0.00,	0.00,	0.00,	0.00,	0.00,
538,	QFN-20YU2D  ,	ANI020YU1002B       ,	020YUNI274               ,	0.00,	0.00,	0.00,	0.00,	0.00,	0.00,
539,	QFN-20YU2D  ,	ANI020YU1002B       ,	020YUNI296               ,	0.00,	0.00,	0.00,	0.00,	0.00,	0.00,
540,	QFN-20YU2D  ,	ANI020YU1002B       ,	020YUNI306               ,	0.00,	0.00,	0.00,	0.00,	0.00,	0.00,
541,	QFN-20YU2D  ,	ANI020YU1001M       ,	020YUNI318               ,	0.00,	0.00,	0.00,	0.00,	0.00,	0.00,
542,	MAT         ,	                    ,	0008WHQ249               ,	0.00,	0.00,	0.00,	0.00,	0.00,	0.00,
543,	FPSLGA22N6V ,	AHQ0225N1001A       ,	0225NHQ004               ,	0.00,	0.00,	5.53,	5.53,	0.00,	0.00,
544,	FPSTLGA44t6V,	AHQ0445T2007A       ,	0445THQ008               ,	0.00,	0.00,	0.00,	0.00,	0.00,	0.00,
545,	WLCSP       ,	                    ,	000IACM173ENG            ,	0.00,	0.00,	0.00,	0.00,	0.00,	0.00,
546,	WLCSP       ,	                    ,	000IACM189ENG            ,	0.00,	0.00,	0.00,	0.00,	0.00,	0.00,
547,	WLCSP       ,	                    ,	000IACM208ENG            ,	0.00,	0.00,	0.00,	0.00,	0.00,	0.00,
548,	STDFN-08YQ2A,	AAB008YQ2019A       ,	008YQCME54ENG            ,	0.00,	0.00,	0.00,	0.00,	0.00,	0.00,
549,	QFN-36AB1   ,	ABW036AB1004A       ,	036ABCM014ENG            ,	0.00,	0.00,	0.00,	0.00,	0.00,	0.00,
550,	FPSTLGA44X4V,	AHQ0442J4001A       ,	0442JCM012ENG            ,	0.00,	0.00,	0.00,	0.00,	0.00,	0.00,
551,	QFN-48AC1   ,	ABW048AC1003A       ,	048ACCM021ENG            ,	0.00,	0.00,	0.00,	0.00,	0.00,	0.00,
552,	VFBGA63BFU  ,	AAB063NW3003A       ,	063NWCM054ENG            ,	0.00,	0.00,	0.00,	0.00,	0.00,	0.00,
553,	TSOP2-66CME ,	AQW066TS1001A       ,	066TSCM046ENG            ,	0.00,	0.00,	0.00,	0.00,	0.00,	0.00,
554,	TSOP2-66CME ,	AAS066TS1009A       ,	066TSCM048ENG            ,	0.00,	0.00,	0.00,	0.00,	0.00,	0.00,
555,	TSOP2-86E   ,	ABU086TA1007A       ,	086TACM029ENG            ,	0.00,	0.00,	0.00,	0.00,	0.00,	0.00,
556,	STBGA132C4V ,	ANV132X2B006A       ,	132X2CM095ENG            ,	0.00,	0.00,	0.00,	0.00,	0.00,	0.00,
557,	VFBGA200BEP ,	ABU200N74005A       ,	200N7CM010ENG            ,	0.00,	0.00,	0.00,	0.00,	0.00,	0.00,
558,	STBGA345UBC ,	ANV345XTA010A       ,	345XTCM027ENG            ,	0.00,	0.00,	0.00,	0.00,	0.00,	0.00,
559,	DFN-08YM2D  ,	AAS008YM2011A       ,	008YMAS030               ,	393.71,	96.00,	0.00,	0.00,	0.00,	125.13,
560,	SSBGA153JAVT,	AAS153XT9015A       ,	153XTAS008               ,	0.00,	0.00,	0.00,	0.00,	0.00,	0.00,
561,	MAT         ,	                    ,	0008WVE016               ,	0.00,	0.00,	0.00,	0.00,	0.00,	0.00,
562,	TSOP2-54CMES,	AVE054TS1003B       ,	054TSVE004               ,	0.00,	0.00,	2.42,	0.00,	0.00,	0.00,
563,	MINIBGA48J3U,	ABU048MA7001A       ,	048MABU068               ,	0.00,	0.00,	0.00,	0.00,	0.00,	0.00,
564,	MINIBGA48J3U,	ABU048MA7005A       ,	048MABU069               ,	0.00,	0.00,	0.00,	0.00,	0.00,	0.00,
565,	MINIBGA54A4 ,	BU054MF1002A        ,	054MFBU004               ,	0.00,	0.00,	23.52,	3.88,	0.00,	0.00,
566,	FBGAS-96UEF7,	ABU096EF5001A       ,	096EFBU003               ,	0.00,	0.00,	0.00,	0.00,	0.00,	0.00,
567,	FBGA-126UCT ,	ABU126CT2001B       ,	126CTBU001               ,	0.00,	0.00,	0.00,	0.00,	0.00,	0.00,
568,	VFBGA200jEV ,	ABU200N75001A       ,	200N7BU024               ,	0.00,	0.00,	0.00,	0.00,	0.00,	0.00,
569,	FCBGA85A3F  ,	AST085UO1001A       ,	085UOST002               ,	0.00,	6.48,	0.00,	0.00,	0.00,	0.00,
570,	TSOP1-48AM  ,	AMS048TW1058A       ,	048TWMS068               ,	0.00,	0.00,	0.00,	0.00,	0.00,	0.00,
571,	FBGA-78UEN  ,	AMS078EN1002A       ,	078ENMS016               ,	0.00,	35.78,	182.78,	0.00,	0.00,	60.79,
572,	FBGA-96UEC  ,	AMS096EC1002A       ,	096ECMS003               ,	384.07,	22.34,	187.02,	19.52,	0.00,	22.30,
573,	VFBGA132B4U ,	ALW132NY4039A       ,	132NYLW060               ,	0.00,	0.00,	0.00,	0.00,	0.00,	0.00,
574,	SSLGA16DOU  ,	AAW016D53019A       ,	016D5AW021               ,	121.39,	32.80,	26.78,	5.95,	0.00,	17.29,
575,	MINIBGA24A3L,	AAW024MA6012A       ,	024MAAW020               ,	0.00,	0.00,	0.00,	0.00,	0.00,	0.00,
576,	MINIBGA24A3L,	AAW024MA6015B       ,	024MAAW028               ,	0.00,	0.00,	0.00,	0.00,	0.00,	0.00,
577,	MBGA24J3U   ,	AAW024MAA006A       ,	024MAAW083               ,	0.00,	0.00,	0.00,	0.00,	0.00,	0.00,
578,	TSOP1-48/48M,	AAW048TP1034C       ,	048TPAW200               ,	0.00,	0.00,	0.00,	0.00,	0.00,	0.00,
579,	STBGA63BAU  ,	AAW063XM5001A       ,	063XMAW004               ,	0.00,	0.00,	8.44,	0.00,	0.00,	0.00,
580,	MAT         ,	                    ,	0008WNV287               ,	0.00,	0.00,	0.00,	0.00,	0.00,	0.00,
581,	MAT         ,	                    ,	0008WNV506               ,	0.00,	0.00,	0.00,	0.00,	0.00,	0.00,
582,	uSD08AQV-C  ,	ANV0086A1065A       ,	0086ANV161               ,	0.00,	0.00,	0.00,	0.00,	0.00,	0.00,
583,	uSD08AQV-C  ,	ANV0086A1071A       ,	0086ANV177               ,	0.00,	0.00,	0.00,	0.00,	0.00,	0.00,
584,	WLCSP       ,	                    ,	000IAVT005               ,	0.00,	0.00,	0.00,	0.00,	0.00,	0.00,
585,	DFN-08YM2D  ,	AAB008YM2027A       ,	008YMAB057               ,	0.00,	0.00,	0.00,	0.00,	0.00,	0.00,
586,	DFN-08YQ2A  ,	AAB008YQ2002A       ,	008YQAB044               ,	0.00,	0.00,	0.00,	0.00,	0.00,	0.00,
587,	STDFN-08YQ2A,	AAB008YQ2026A       ,	008YQAB046               ,	0.00,	0.00,	41.71,	13.63,	0.00,	0.00,
588,	DFN-08YQ2A  ,	AAB008YQ2022A       ,	008YQAB072               ,	0.00,	0.00,	0.00,	0.00,	0.00,	0.00,
589,	DFN-08YQ2A  ,	AAB008YQ2032A       ,	008YQAB103               ,	0.00,	0.00,	0.00,	0.00,	0.00,	0.00,
590,	STDFN-08YQ2A,	AAB008YQ2045A       ,	008YQAB105               ,	0.00,	0.00,	0.00,	0.00,	0.00,	26.04,
591,	MBGA24J3U   ,	AAB024MA0007A       ,	024MAAB088               ,	0.00,	0.00,	0.00,	0.00,	0.00,	0.00,
592,	VFBGA54B4L  ,	AB054NR1001A        ,	054NRAB006               ,	0.00,	0.00,	0.00,	0.00,	0.00,	0.00,
593,	TSOP2-54ME  ,	AAB054TN1005A       ,	054TNAB041               ,	47.93,	0.00,	140.21,	37.00,	0.00,	0.00,
594,	TSOP2-54CME ,	AAB054TS1003A       ,	054TSAB006               ,	0.00,	0.00,	0.00,	0.00,	0.00,	0.00,
595,	VFBGA60B4L  ,	AB060NR1001A        ,	060NRAB021               ,	0.00,	0.00,	0.00,	0.00,	0.00,	0.00,
596,	VFBGA60B4L  ,	AAB060NR1007A       ,	060NRAB026               ,	0.00,	0.00,	0.00,	0.00,	0.00,	0.00,
597,	VFBGA63BFU  ,	AAB063NW3003A       ,	063NWAB005               ,	0.00,	0.00,	0.00,	0.00,	0.00,	0.00,
598,	FBGA96UEL(2),	AAB096EL1012A       ,	096ELAB052               ,	0.00,	0.00,	0.00,	0.00,	0.00,	0.00,
599,	WLCSP-WAFER ,	ENG                 ,	000IABW028               ,	0.00,	0.00,	0.00,	0.00,	0.00,	0.00,
600,	WLCSP       ,	ENG                 ,	000IABW031               ,	0.00,	0.00,	0.00,	0.00,	0.00,	0.00,
601,	WLCSP       ,	                    ,	000IABW108               ,	0.00,	0.00,	0.00,	0.00,	0.00,	0.00,
602,	WLCSP       ,	                    ,	000IABW115               ,	0.00,	0.00,	0.00,	0.00,	0.00,	0.00,
603,	WLCSP       ,	                    ,	000IABW152               ,	0.00,	0.00,	0.00,	0.00,	0.00,	0.00,
604,	QFN-36AB1   ,	ABW036AB1004A       ,	036ABBW009               ,	0.00,	0.00,	0.00,	0.00,	0.00,	0.00,
605,	MAT         ,	,	0008WPRT005              ,	0.00,	0.00,	0.00,	0.00,	0.00,	0.00,
606,	FCQFN-08OK2D,	ANI008OK2001A       ,	008OKNI038               ,	0.00,	0.00,	0.00,	0.00,	0.00,	0.00,
607,	FCQFN-08OK2D,	ANI008OK2001A       ,	008OKNI043               ,	0.00,	0.00,	0.00,	0.00,	0.00,	0.00,
608,	FCQFN-08OK2D,	ANI008OK2001A       ,	008OKNI048               ,	0.00,	0.00,	0.00,	0.00,	0.00,	0.00,
609,	FCQFN-08OK2D,	ANI008OK2001A       ,	008OKNI056               ,	0.00,	0.00,	0.00,	0.00,	0.00,	0.00,
610,	FCDFN-08YZ2A,	ANI008YZ1001D       ,	008YZNI036               ,	0.00,	0.00,	0.00,	0.00,	0.00,	0.00,
611,	QFN-10YK2A  ,	ANI010YK3001A       ,	010YKNI038               ,	0.00,	0.00,	0.00,	0.00,	0.00,	0.00,
612,	QFN-10YK2A  ,	ANI010YK3005A       ,	010YKNI052               ,	0.00,	0.00,	0.00,	0.00,	0.00,	0.00,
613,	DFN-12Y12A  ,	ANI012Y11002C       ,	012Y1NI061               ,	0.00,	0.00,	0.00,	0.00,	0.00,	0.00,
614,	FCQFN-12Y32D,	ANI012Y32002D       ,	012Y3NI003               ,	0.00,	0.00,	0.00,	0.00,	0.00,	0.00,
615,	FCQFN-12Y32D,	ANI012Y32002D       ,	012Y3NI092               ,	0.00,	0.00,	0.00,	0.00,	0.00,	0.00,
616,	FCQFN-12Y32D,	ANI012Y32002D       ,	012Y3NI124               ,	0.00,	0.00,	0.00,	0.00,	0.00,	0.00,
617,	FCQFN-12Y32D,	ANI012Y32001B       ,	012Y3NI159               ,	0.00,	0.00,	0.00,	0.00,	0.00,	0.00,
618,	FCQFN-12Y32D,	ANI012Y32001B       ,	012Y3NI167               ,	0.00,	0.00,	0.00,	0.00,	0.00,	0.00,
619,	FCQFN-14OL2D,	ANI014OL1001C       ,	014OLNI026               ,	0.00,	0.00,	0.00,	0.00,	0.00,	0.00,
620,	FCQFN-14OL2D,	ANI014OL1001C       ,	014OLNI034               ,	0.00,	0.00,	0.00,	0.00,	0.00,	0.00,
621,	FCQFN-14OL2D,	ANI014OL1001C       ,	014OLNI038               ,	0.00,	0.00,	0.00,	0.00,	0.00,	0.00,
622,	FCQFN-16OF2D,	ANI016OF2001B       ,	016OFNI032               ,	0.00,	0.00,	0.00,	0.00,	0.00,	0.00,
623,	QFN-20YU2D  ,	ANI020YU1005C       ,	020YUNI024               ,	197.93,	52.98,	35.99,	19.00,	0.00,	55.05,
624,	QFN-20YU2D  ,	ANI020YU1001M       ,	020YUNI063               ,	0.00,	0.00,	0.00,	0.00,	0.00,	0.00,
625,	QFN-20YU2D  ,	ANI020YU1005C       ,	020YUNI084               ,	0.00,	0.00,	0.00,	0.00,	0.00,	0.00,
626,	QFN-20YU2D  ,	ANI020YU1005C       ,	020YUNI088               ,	0.00,	0.00,	0.00,	0.00,	0.00,	0.00,
627,	QFN-20YU2D  ,	ANI020YU1005C       ,	020YUNI160               ,	0.00,	0.00,	0.00,	0.00,	0.00,	0.00,
628,	QFN-20YU2D  ,	ANI020YU1002B       ,	020YUNI181               ,	0.00,	0.00,	0.00,	0.00,	0.00,	0.00,
629,	QFN-20YU2D  ,	ANI020YU1002B       ,	020YUNI204               ,	0.00,	0.00,	0.00,	0.00,	0.00,	0.00,
630,	QFN-20YU2D  ,	ANI020YU1002B       ,	020YUNI221               ,	0.00,	0.00,	0.00,	0.00,	0.00,	0.00,
631,	QFN-20YU2D  ,	ANI020YU1001M       ,	020YUNI232               ,	0.00,	0.00,	0.00,	0.00,	0.00,	0.00,
632,	QFN-20YU2D  ,	ANI020YU1001M       ,	020YUNI234               ,	0.00,	0.00,	0.00,	0.00,	0.00,	0.00,
633,	QFN-20YU2D  ,	ANI020YU1002B       ,	020YUNI277               ,	0.00,	0.00,	0.00,	0.00,	0.00,	0.00,
634,	QFN-20YU2D  ,	ANI020YU1002B       ,	020YUNI290               ,	0.00,	0.00,	0.00,	0.00,	0.00,	0.00,
635,	FPSTLGA44X4V,	AHQ0442J4001A       ,	0442JHQ028               ,	0.00,	0.00,	0.00,	0.00,	0.00,	0.00,
636,	MAT         ,	                    ,	0008WCMA114ENG           ,	0.00,	0.00,	0.00,	0.00,	0.00,	0.00,
637,	MAT         ,	                    ,	0008WCMA120ENG           ,	0.00,	0.00,	0.00,	0.00,	0.00,	0.00,
638,	MAT         ,	                    ,	0008WCME136ENG           ,	0.00,	0.00,	0.00,	0.00,	0.00,	0.00,
639,	WLCSP       ,	                    ,	000IACM221ENG            ,	0.00,	0.00,	0.00,	0.00,	0.00,	0.00,
640,	WLCSP       ,	                    ,	000IACM233ENG            ,	0.00,	0.00,	0.00,	0.00,	0.00,	0.00,
641,	DFN-08YQ2AW ,	AAS008YQ2016A       ,	008YQCME59ENG            ,	0.00,	0.00,	0.00,	0.00,	0.00,	0.00,
642,	SSLGA16DOU  ,	AAW016D53004A       ,	016D5CM059ENG            ,	0.00,	0.00,	0.00,	0.00,	0.00,	0.00,
643,	MBGA24J3U   ,	AAS024MA0007A       ,	024MACM119ENG            ,	0.00,	0.00,	0.00,	0.00,	0.00,	0.00,
644,	MBGA24G4U   ,	AAW024MAA010A       ,	024MACM120ENG            ,	0.00,	0.00,	0.00,	0.00,	0.00,	0.00,
645,	VFBGA60B4U  ,	AAB060NR2002A       ,	060NRCM035ENG            ,	0.00,	0.00,	0.00,	0.00,	0.00,	0.00,
646,	TSOP2-66ME  ,	ACD066TN1002A       ,	066TNCM095ENG            ,	0.00,	0.00,	0.00,	0.00,	0.00,	0.00,
647,	FBGA-78UEP  ,	AMS078EP1001A       ,	078EPCM003ENG            ,	0.00,	0.00,	0.00,	0.00,	0.00,	0.00,
648,	QFN88Y23AW  ,	AMF088Y23001A       ,	088Y2CME002ENG           ,	0.00,	0.00,	0.00,	0.00,	0.00,	0.00,
649,	FBGAS-96UEL8,	AAS096EL2001A       ,	096ELCME11ENG            ,	0.00,	0.00,	0.00,	0.00,	0.00,	0.00,
650,	FBGA-96UEL-3,	AAS096EL1014A       ,	096ELCME17ENG            ,	0.00,	0.00,	0.00,	0.00,	0.00,	0.00,
651,	FBGA96UEL(2),	AAB096EL1019A       ,	096ELCME36ENG            ,	0.00,	0.29,	0.00,	0.00,	0.00,	0.00,
652,	STBGA153JAV ,	ABU153XT9005A       ,	153XTCM116ENG            ,	0.00,	0.00,	0.00,	0.00,	0.00,	0.00,
653,	STBGA169D4V ,	ANV169XN6002A       ,	169XNCM010ENG            ,	0.00,	0.00,	0.00,	0.00,	0.00,	0.00,
654,	STBGA252G4VT,	AEU252X02002A       ,	252X0CM008ENG            ,	0.00,	0.00,	0.00,	0.00,	0.00,	0.00,
655,	MBGA54A2L   ,	ACD054MF2001A       ,	054MFCD002               ,	0.00,	0.00,	0.00,	0.00,	0.00,	0.00,
656,	DFN-08YQ2AW ,	AAS008YQ2013A       ,	008YQAS034               ,	4.76,	4.75,	0.00,	0.00,	0.00,	10.91,
657,	DFN-08YQ2AW ,	AAS008YQ9002A       ,	008YQAS038               ,	0.00,	0.00,	0.00,	0.00,	0.00,	0.00,
658,	FBGA-84UC   ,	AAS084CC2010A       ,	084UCAS080               ,	0.00,	0.00,	5.86,	2.78,	0.00,	0.00,
659,	FBGA-84UC   ,	AAS084CC2015B       ,	084UCAS105               ,	0.00,	0.00,	0.00,	0.00,	0.00,	0.00,
660,	WLCSP       ,	                    ,	000IAQR041               ,	0.00,	0.00,	0.00,	0.00,	0.00,	0.00,
661,	MAT         ,	ENG                 ,	0008WBU021               ,	0.00,	0.00,	0.00,	0.00,	0.00,	0.00,
662,	FBGA-84UC(2),	ABU084CC2004B       ,	084UCBU006               ,	0.00,	0.00,	0.00,	16.74,	0.00,	0.00,
663,	STDFN-08YQ2A,	ABU008YQ2015A       ,	008YQVG009               ,	0.00,	0.00,	0.00,	0.00,	0.00,	0.00,
664,	MBGA24J4U   ,	ABU024MA6003A       ,	024MAVG007               ,	0.00,	0.00,	0.00,	0.00,	0.00,	0.00,
665,	TSOP1-48AM  ,	AMS048TW1065A       ,	048TWMS080               ,	23.58,	8.64,	8.64,	2.16,	0.00,	10.80,
666,	TSOP1-48AM  ,	AMS048TW1066A       ,	048TWMS094               ,	0.00,	0.00,	0.00,	0.00,	0.00,	0.00,
667,	MAT         ,	                    ,	0008WAW094               ,	0.00,	0.00,	0.00,	0.00,	0.00,	0.00,
668,	STBGA24A3L  ,	AAW024XJ6014A       ,	024XJAW021               ,	0.00,	0.00,	33.42,	8.64,	0.00,	0.00,
669,	TSOP1-48/48M,	AAW048TP1024D       ,	048TPAW056               ,	0.00,	0.00,	0.00,	0.00,	0.00,	0.00,
670,	TSOP1-48/48M,	AAW048TP1034C       ,	048TPAW074               ,	0.00,	0.00,	0.00,	0.00,	0.00,	0.00,
671,	MAT         ,	                    ,	0008WNV289               ,	0.00,	0.00,	0.00,	0.00,	0.00,	0.00,
672,	MAT         ,	                    ,	0008WNV392               ,	0.00,	0.00,	0.00,	0.00,	0.00,	0.00,
673,	MAT         ,	                    ,	0008WNV419               ,	0.00,	0.00,	0.00,	0.00,	0.00,	0.00,
674,	SMT         ,	TDANV153XT8028A-A   ,	000SNV149                ,	0.00,	0.00,	0.00,	0.00,	0.00,	0.00,
675,	SMT         ,	ANV345XTC010A       ,	000SNV375                ,	0.00,	0.00,	0.00,	0.00,	0.00,	0.00,
676,	STBGA345UBC ,	ANV345XTA010A       ,	345XTNV066               ,	0.00,	0.00,	0.00,	0.00,	0.00,	0.00,
677,	DFN-08YB2G  ,	AAB008YB2008A       ,	008YBAB019               ,	0.00,	0.00,	0.00,	0.00,	0.00,	0.00,
678,	STDFN-08YQ2A,	AAB008YQ2039B       ,	008YQAB090               ,	221.28,	34.56,	89.01,	17.28,	0.00,	0.00,
679,	MBGA24A2L   ,	AAB024MA6008A       ,	024MAAB095               ,	0.00,	0.00,	0.00,	0.00,	0.00,	0.00,
680,	TSOP1-48AM  ,	AAB048TW2005A       ,	048TWAB014               ,	0.00,	0.00,	0.00,	0.00,	0.00,	0.00,
681,	VFBGA54B4   ,	AB054NB2002A        ,	054NBAB001               ,	10.05,	3.75,	0.00,	0.00,	0.00,	0.00,
682,	TSOP2-54CME ,	AAB054TS1004A       ,	054TSAB011               ,	0.00,	0.00,	0.00,	0.00,	0.00,	0.00,
683,	FBGA-84UC(2),	AYZ084CC2004A       ,	084UCYZ004               ,	0.00,	0.00,	0.93,	0.00,	0.00,	0.00,
684,	WLCSP       ,	ENG                 ,	000IABW015               ,	0.00,	0.00,	0.00,	0.00,	0.00,	0.00,
685,	WLCSP       ,	                    ,	000IABW056               ,	0.00,	0.00,	0.00,	0.00,	0.00,	0.00,
686,	TSOP2-54CME ,	ACS054TS1005A       ,	054TSCS014               ,	0.00,	0.00,	0.00,	0.00,	0.00,	0.00,
687,	FCQFN-08OK2D,	ANI008OK2001A       ,	008OKNI036               ,	0.00,	0.00,	0.00,	0.00,	0.00,	0.00,
688,	FCQFN-08OK2D,	ANI008OK2001A       ,	008OKNI041               ,	0.00,	0.00,	0.00,	0.00,	0.00,	0.00,
689,	FCQFN-08OK2D,	ANI008OK2001A       ,	008OKNI077               ,	0.00,	0.00,	0.00,	0.00,	0.00,	0.00,
690,	DFN-08YK2A  ,	ANI008YK1006A       ,	008YKNI084               ,	0.00,	0.00,	0.00,	0.00,	0.00,	0.00,
691,	DFN-08YK2A  ,	ANI008YK3002A       ,	008YKNI097               ,	0.00,	0.00,	0.00,	0.00,	0.00,	0.00,
692,	QFN-10YK2A  ,	ANI010YK3003A       ,	010YKNI043               ,	0.00,	0.00,	0.00,	0.00,	0.00,	0.00,
693,	QFN-10YK2A  ,	ANI010YK2001A       ,	010YKNI046               ,	0.00,	0.00,	0.00,	0.00,	0.00,	0.00,
694,	DFN-12Y12A  ,	ANI012Y11002C       ,	012Y1NI054               ,	0.00,	0.00,	0.00,	0.00,	0.00,	0.00,
695,	DFN-12Y12A  ,	ANI012Y11002C       ,	012Y1NI055               ,	0.00,	0.00,	0.00,	0.00,	0.00,	0.00,
696,	FCQFN-12Y32D,	ANI012Y32002D       ,	012Y3NI130               ,	0.00,	0.00,	0.00,	0.00,	0.00,	0.00,
697,	FCQFN-12Y32D,	ANI012Y32002D       ,	012Y3NI135               ,	0.00,	0.00,	0.00,	0.00,	0.00,	0.00,
698,	FCQFN-12Y32D,	ANI012Y32002D       ,	012Y3NI137               ,	0.00,	0.00,	0.00,	0.00,	0.00,	0.00,
699,	FCQFN-12Y32D,	ANI012Y32002D       ,	012Y3NI149               ,	0.00,	0.00,	0.00,	0.00,	0.00,	0.00,
700,	FCQFN-12Y32D,	ANI012Y32001B       ,	012Y3NI157               ,	0.00,	0.00,	0.00,	0.00,	0.00,	0.00,
701,	FCQFN-12Y32D,	ANI012Y32002D       ,	012Y3NI164               ,	0.00,	0.00,	0.00,	0.00,	0.00,	0.00,
702,	FCQFN-12Y32D,	ANI012Y32002D       ,	012Y3NI184               ,	0.00,	0.00,	0.00,	0.00,	0.00,	0.00,
703,	FCQFN-12Y32D,	ANI012Y32002D       ,	012Y3NI185               ,	0.00,	0.00,	0.00,	0.00,	0.00,	0.00,
704,	FCQFN-12Y32D,	ANI012Y32002D       ,	012Y3NI192               ,	0.00,	0.00,	0.00,	0.00,	0.00,	0.00,
705,	FCQFN-14OL2D,	ANI014OL1001C       ,	014OLNI028               ,	0.00,	0.00,	0.00,	0.00,	0.00,	0.00,
706,	FCQFN-14OL2D,	ANI014OL1001C       ,	014OLNI036               ,	0.00,	0.00,	0.00,	0.00,	0.00,	0.00,
707,	FCQFN-16OF2D,	ANI016OF2003A       ,	016OFNI016               ,	0.00,	0.00,	0.00,	0.00,	0.00,	0.00,
708,	QFN-20YU2D  ,	ANI020YU1001M       ,	020YUNI001               ,	0.00,	0.00,	0.00,	0.00,	0.00,	0.00,
709,	QFN-20YU2D  ,	ANI020YU1005C       ,	020YUNI104               ,	0.00,	0.00,	0.00,	0.00,	0.00,	0.00,
710,	QFN-20YU2D  ,	ANI020YU1002B       ,	020YUNI115               ,	0.00,	0.00,	0.00,	0.00,	0.00,	0.00,
711,	QFN-20YU2D  ,	ANI020YU1002B       ,	020YUNI116               ,	0.00,	0.00,	0.00,	0.00,	0.00,	0.00,
712,	QFN-20YU2D  ,	ANI020YU1002B       ,	020YUNI139               ,	0.00,	0.00,	0.00,	0.00,	0.00,	0.00,
713,	QFN-20YU2D  ,	ANI020YU1002B       ,	020YUNI216               ,	0.00,	0.00,	0.00,	0.00,	0.00,	0.00,
714,	QFN-20YU2D  ,	ANI020YU1001M       ,	020YUNI230               ,	0.00,	0.00,	0.00,	0.00,	0.00,	0.00,
715,	QFN-20YU2D  ,	ANI020YU1001M       ,	020YUNI236               ,	0.00,	0.00,	0.00,	0.00,	0.00,	0.00,
716,	QFN-20YU2D  ,	ANI020YU1002B       ,	020YUNI276               ,	0.00,	0.00,	0.00,	0.00,	0.00,	0.00,
717,	MAT         ,	                    ,	0008WHQ147               ,	0.00,	0.00,	0.00,	0.00,	0.00,	0.00,
718,	MAT         ,	                    ,	0008WHQ178               ,	0.00,	0.00,	0.00,	0.00,	0.00,	0.00,
719,	MAT         ,	                    ,	0008WHQ247               ,	0.00,	0.00,	0.00,	0.00,	0.00,	0.00,
720,	SMT         ,	AHQ0442J3003A       ,	000SHQ287                ,	0.00,	0.00,	0.00,	0.00,	0.00,	0.00,
721,	FPSSLGA28N6V,	AHQ0282J2006B       ,	0282JHQ032               ,	0.00,	0.00,	0.00,	0.00,	0.00,	0.00,
722,	FPSSLG41AXTV,	AHQ0415L1005A       ,	0415LHQ017               ,	0.00,	0.00,	0.00,	0.00,	0.00,	0.00,
723,	MAT         ,	                    ,	0008WCME103ENG           ,	0.00,	0.00,	0.00,	0.00,	0.00,	0.00,
724,	WLCSP       ,	                    ,	000IACM205ENG            ,	0.00,	0.00,	0.00,	0.00,	0.00,	0.00,
725,	uSD08AQV    ,	ANV0086B1004A       ,	0086BCME06ENG            ,	0.00,	0.00,	0.00,	0.00,	0.00,	0.00,
726,	VTLGA08J4U  ,	AAS008DR1004A       ,	008DRCM007ENG            ,	0.00,	0.00,	0.00,	0.00,	0.00,	0.00,
727,	DFN-08Y62D  ,	AAW008Y62024A       ,	008Y6CM056ENG            ,	0.00,	0.00,	0.00,	0.00,	0.00,	0.00,
728,	DFN-08YQ3AW ,	AAB008YQ3002A       ,	008YQCME56ENG            ,	0.00,	0.00,	0.00,	0.00,	0.00,	0.00,
729,	DFN-08YQ3AW ,	AAS008YQ2042A       ,	008YQCME62ENG            ,	0.00,	0.00,	0.00,	0.00,	0.00,	0.00,
730,	QFN-20YU2D  ,	ANI020YU1002B       ,	020YUCM006ENG            ,	0.00,	0.00,	15.22,	0.00,	0.00,	0.00,
731,	FPSTLGA44t6V,	AHQ0445T2007A       ,	0445TCM007ENG            ,	0.00,	0.00,	0.00,	0.00,	0.00,	0.00,
732,	MBGA48J3U   ,	AAS048MA3002A       ,	048MACM125ENG            ,	0.00,	0.00,	0.00,	0.00,	0.00,	0.00,
733,	TSOP2-54ME  ,	AAB054TN1002A       ,	054TNCM096ENG            ,	0.00,	0.00,	0.00,	0.00,	0.00,	0.00,
734,	FBGA-60MA   ,	ACD060CD3002A       ,	060CACM009ENG            ,	0.00,	0.00,	0.00,	0.00,	0.00,	0.00,
735,	FBGA-84UC(2),	ACD084CC2003A       ,	084UCCM140ENG            ,	0.00,	0.00,	0.00,	0.00,	0.00,	0.00,
736,	FBGA96UEF3-2,	AAB096EF3001A       ,	096EFCM059ENG            ,	0.00,	0.00,	0.00,	0.00,	0.00,	0.00,
737,	FBGAS-96UEL8,	AAS096EL2001A       ,	096ELCME10ENG            ,	0.00,	0.00,	0.00,	0.00,	0.00,	0.00,
738,	STBGA132G4V ,	AGJ132X2C007A       ,	132X2CM087ENG            ,	0.00,	0.00,	0.00,	0.00,	0.00,	0.00,
739,	MBGA132G4U  ,	ANV132X2A016A       ,	132X2CM102ENG            ,	0.00,	0.00,	0.00,	0.00,	0.00,	0.00,
740,	TSOP2-54ME  ,	ACD054TN1001A       ,	054TNCD021               ,	0.00,	0.00,	23.17,	5.89,	0.00,	0.00,
741,	DFN-08YQ2AW ,	AAS008YQ2014A       ,	008YQAS031               ,	0.00,	0.00,	0.00,	0.00,	0.00,	0.00,
742,	MAT         ,	                    ,	0008WBU040               ,	0.00,	0.00,	0.00,	0.00,	0.00,	0.00,
743,	FBGA-96LEA  ,	ABU096EA1001A       ,	096EABU001               ,	0.00,	0.00,	15.94,	2.64,	0.00,	2.78,
744,	MINIBGA165A3,	ABU165ML3013A       ,	165MLBU055               ,	0.00,	0.00,	0.00,	0.00,	0.00,	0.00,
745,	DFN-08YD2A  ,	ABU008YD2003A       ,	008YDVG007               ,	0.00,	0.00,	0.00,	0.00,	0.00,	0.00,
746,	DFN-08YQ2A  ,	ABU008YQ2001A       ,	008YQVG002               ,	0.00,	0.00,	69.34,	19.29,	0.00,	0.00,
747,	MBGA24J4U   ,	ABU024MA6021A       ,	024MAVG018               ,	0.00,	6.15,	0.00,	0.00,	0.00,	10.38,
748,	TSOP1-56/56 ,	ABU056TH2001A       ,	056THVG007               ,	0.00,	0.00,	0.00,	0.00,	0.00,	0.00,
749,	MAT         ,	                    ,	0008WOK071               ,	0.00,	0.00,	0.00,	0.00,	0.00,	0.00,
750,	FBGA-96UEC  ,	AMS096EC3001B       ,	096ECMS010               ,	0.00,	8.75,	53.27,	0.00,	0.00,	14.27,
751,	MAT         ,	                    ,	0008WAW096               ,	0.00,	0.00,	0.00,	0.00,	0.00,	0.00,
752,	DFN-08Y62D  ,	AAW008Y62017A       ,	008Y6AW039               ,	42.11,	16.64,	0.00,	0.00,	0.00,	24.96,
753,	MBGA24G4U   ,	AAW024MAA014A       ,	024MAAW087               ,	0.00,	0.00,	0.00,	0.00,	0.00,	0.00,
754,	MBGA64J4U   ,	AAW064MR1015A       ,	064MRAW021               ,	0.00,	0.00,	0.00,	0.00,	0.00,	0.00,
755,	MAT         ,	                    ,	0008WNV472               ,	0.00,	0.00,	0.00,	0.00,	0.00,	0.00,
756,	uSD08AQV    ,	ANV0086A1051A       ,	0086ANV147               ,	0.00,	0.00,	0.00,	0.00,	0.00,	0.00,
757,	STBGA153GEV ,	ANV153XT9018A       ,	153XTNV105               ,	0.00,	0.00,	0.00,	0.00,	0.00,	0.00,
758,	TSOP1-48MR2C,	AEU048TR2003A       ,	048TREU014               ,	0.00,	0.00,	0.00,	0.00,	0.00,	0.00,
759,	WLCSP-WAFER ,	                    ,	000IASF001               ,	0.00,	0.00,	0.00,	0.00,	0.00,	0.00,
760,	VTLGA08J4U-1,	AAB0083X1001A       ,	0083XAB003               ,	0.00,	0.00,	0.00,	0.00,	0.00,	5.43,
761,	DFN-08YQ2A  ,	AAB008YQ2001B       ,	008YQAB010               ,	0.00,	0.00,	0.00,	0.00,	0.00,	0.00,
762,	STDFN-08YQ2A,	AAB008YQ2004A       ,	008YQAB034               ,	0.00,	0.00,	0.00,	0.00,	0.00,	0.00,
763,	STBGA24A2L  ,	AAB024XJ6005A       ,	024XJAB013               ,	0.00,	0.00,	0.00,	0.00,	0.00,	0.00,
764,	STBGA24D6U  ,	AAB024XW3004A       ,	024XWAB001               ,	0.00,	1.34,	0.00,	0.00,	0.00,	2.65,
765,	VFBGA63BFU  ,	AAB063NW3001A       ,	063NWAB003               ,	23.34,	0.00,	14.31,	6.00,	0.00,	0.34,
766,	FBGA-84UC2H ,	AAB084CC9001A       ,	084UCAB027               ,	0.00,	0.00,	17.67,	0.00,	0.00,	0.00,
767,	TSOP2-66CME ,	AYZ066TS1001A       ,	066TSYZ002               ,	0.00,	25.92,	12.08,	3.44,	0.00,	41.66,
768,	WLCSP       ,	                    ,	000IABW142               ,	0.00,	0.00,	0.00,	0.00,	0.00,	0.00,
769,	TSOP2-54CMES,	ACS054TS1009A       ,	054TSCS013               ,	10.68,	0.00,	0.00,	0.00,	0.00,	0.00,
770,	FCQFN-08OK2D,	ANI008OK2001A       ,	008OKNI035               ,	0.00,	0.00,	0.00,	0.00,	0.00,	0.00,
771,	FCQFN-08OK2D,	ANI008OK2001A       ,	008OKNI052               ,	0.00,	0.00,	0.00,	0.00,	0.00,	0.00,
772,	FCQFN-08OK2D,	ANI008OK2001A       ,	008OKNI055               ,	0.00,	0.00,	0.00,	0.00,	0.00,	0.00,
773,	FCQFN-08OK2D,	ANI008OK2001A       ,	008OKNI058               ,	0.00,	0.00,	0.00,	0.00,	0.00,	0.00,
774,	FCQFN-08OK2D,	ANI008OK2001A       ,	008OKNI059               ,	0.00,	0.00,	0.00,	0.00,	0.00,	0.00,
775,	FCQFN-08OK2D,	ANI008OK2001A       ,	008OKNI095               ,	0.00,	0.00,	0.00,	0.00,	0.00,	0.00,
776,	FCDFN-08Y72D,	ANI008Y71001C       ,	008Y7NI031               ,	0.00,	0.00,	0.00,	0.00,	0.00,	0.00,
777,	FCDFN-08YZ2A,	ANI008YZ1001D       ,	008YZNI043               ,	0.00,	0.00,	0.00,	0.00,	0.00,	0.00,
778,	QFN-10YK2A  ,	ANI010YK3001A       ,	010YKNI037               ,	150.95,	45.34,	303.98,	38.15,	0.00,	21.49,
779,	DFN-12Y12A  ,	ANI012Y11002C       ,	012Y1NI052               ,	0.00,	0.00,	0.00,	0.00,	0.00,	0.00,
780,	FCQFN-12Y32D,	ANI012Y32002D       ,	012Y3NI136               ,	0.00,	0.00,	0.00,	0.00,	0.00,	0.00,
781,	FCQFN-12Y32D,	ANI012Y32002D       ,	012Y3NI141               ,	0.00,	0.00,	0.00,	0.00,	0.00,	0.00,
782,	FCQFN-12Y32D,	ANI012Y32001B       ,	012Y3NI152               ,	0.00,	0.00,	0.00,	0.00,	0.00,	0.00,
783,	FCQFN-14OA2D,	ANI014OA1001C       ,	014OANI050               ,	0.00,	0.00,	0.00,	0.00,	0.00,	0.00,
784,	FCQFN-14OA2D,	ANI014OA1001C       ,	014OANI056               ,	0.00,	0.00,	0.00,	0.00,	0.00,	0.00,
785,	FCQFN-14OA2D,	ANI014OA1001C       ,	014OANI058               ,	0.00,	0.00,	0.00,	0.00,	0.00,	0.00,
786,	FCQFN-14OL2D,	ANI014OL1001C       ,	014OLNI027               ,	0.00,	0.00,	0.00,	0.00,	0.00,	0.00,
787,	FCQFN-14OL2D,	ANI014OL1001C       ,	014OLNI032               ,	0.00,	0.00,	0.00,	0.00,	0.00,	0.00,
788,	FCQFN-14OL2D,	ANI014OL1001C       ,	014OLNI040               ,	0.00,	0.00,	0.00,	0.00,	0.00,	0.00,
789,	QFN-20YU2D  ,	ANI020YU1001M       ,	020YUNI128               ,	0.00,	0.00,	0.00,	0.00,	0.00,	0.00,
790,	QFN-20YU2D  ,	ANI020YU1002B       ,	020YUNI129               ,	0.00,	0.00,	0.00,	0.00,	0.00,	0.00,
791,	QFN-20YU2D  ,	ANI020YU1002B       ,	020YUNI130               ,	0.00,	0.00,	0.00,	0.00,	0.00,	0.00,
792,	QFN-20YU2D  ,	ANI020YU1005C       ,	020YUNI153               ,	0.00,	0.00,	0.00,	0.00,	0.00,	0.00,
793,	QFN-20YU2D  ,	ANI020YU1005C       ,	020YUNI159               ,	0.00,	0.00,	0.00,	0.00,	0.00,	0.00,
794,	QFN-20YU2D  ,	ANI020YU1002B       ,	020YUNI172               ,	0.00,	0.00,	0.00,	0.00,	0.00,	0.00,
795,	QFN-20YU2D  ,	ANI020YU1002B       ,	020YUNI214               ,	0.00,	0.00,	0.00,	0.00,	0.00,	0.00,
796,	QFN-20YU2D  ,	ANI020YU1002B       ,	020YUNI217               ,	0.00,	0.00,	0.00,	0.00,	0.00,	0.00,
797,	QFN-20YU2D  ,	ANI020YU1002B       ,	020YUNI226               ,	0.00,	0.00,	0.00,	0.00,	0.00,	0.00,
798,	QFN-20YU2D  ,	ANI020YU1001M       ,	020YUNI241               ,	0.00,	0.00,	0.00,	0.00,	0.00,	0.00,
799,	QFN-20YU2D  ,	ANI020YU1002B       ,	020YUNI301               ,	0.00,	0.00,	0.00,	0.00,	0.00,	0.00,
800,	QFN-20YU2D  ,	ANI020YU1005C       ,	020YUNI312               ,	0.00,	0.00,	0.00,	0.00,	0.00,	0.00,
801,	MAT         ,	                    ,	0008WHQ179               ,	0.00,	0.00,	0.00,	0.00,	0.00,	0.00,
802,	FPSLGA22t6V ,	AHQ0225N1002A       ,	0225NHQ003               ,	0.00,	0.00,	0.00,	0.00,	0.00,	0.00,
803,	FPSLGA24VBP ,	AHQ0242D1001B       ,	0242DHQ006               ,	0.00,	0.00,	0.00,	0.00,	0.00,	0.00,
804,	FPSTLGA44tBV,	AHQ0442J3003A       ,	0442JHQ026               ,	0.00,	0.00,	0.00,	0.00,	0.00,	0.00,
805,	MAT         ,	                    ,	0008WCMA71ENG            ,	0.00,	0.00,	0.00,	0.00,	0.00,	0.00,
806,	VTLGA08J4U  ,	AAS008DR1006A       ,	008DRCME03ENG            ,	0.00,	0.00,	0.00,	0.00,	0.00,	0.00,
807,	SOP-8G      ,	AAS008FG1034A       ,	008FGCME22ENG            ,	0.00,	0.00,	0.00,	0.00,	0.00,	0.00,
808,	DFN-08YQ2A  ,	AAS008YQ2045A       ,	008YQCME61ENG            ,	0.00,	0.00,	0.00,	0.00,	0.00,	0.00,
809,	SSLGA16DOU  ,	AAW016D53011A       ,	016D5CM057ENG            ,	0.00,	0.00,	0.00,	0.00,	0.00,	0.00,
810,	MBGA24J3U   ,	AAB024MA6027A       ,	024MACM109ENG            ,	0.00,	0.00,	0.00,	0.00,	0.00,	0.00,
811,	FPSTLGA44tBV,	AHQ0442J3006A       ,	0442JCM011ENG            ,	0.00,	0.00,	0.00,	0.00,	0.00,	0.00,
812,	TSOP2-54CME ,	AOK054TS1001A       ,	054TSCM043ENG            ,	0.00,	0.00,	0.00,	0.00,	0.00,	0.00,
813,	TSOP2-66ME  ,	ACD066TN1013A       ,	066TNCM117ENG            ,	0.00,	0.00,	0.00,	0.00,	0.00,	0.00,
814,	FBGA-78UEN  ,	AMS078EN1006A       ,	078ENCM016ENG            ,	0.00,	0.00,	0.00,	0.00,	0.00,	0.00,
815,	FBGA-78UEP  ,	ALW078EP1001A       ,	078EPCM005ENG            ,	0.00,	0.00,	0.00,	0.00,	0.00,	0.00,
816,	VFBGA90B4U  ,	AAB090NC7005A       ,	090NCCME07ENG            ,	0.00,	0.00,	0.00,	0.00,	0.00,	0.00,
817,	VFBGA152AEL ,	ALW152N31016A       ,	152N3CM008ENG            ,	0.00,	0.00,	0.00,	0.00,	0.00,	0.00,
818,	VFBGA152BAL ,	ALW152N31017A       ,	152N3CME02ENG            ,	0.00,	0.00,	0.00,	0.00,	0.00,	0.00,
819,	STBGA153JAU ,	ANV153XT3003A       ,	153XTCM077ENG            ,	0.00,	0.00,	0.00,	0.00,	0.00,	0.00,
820,	MBGA54A2L   ,	ACD054MF2003A       ,	054MFCD001               ,	0.00,	0.00,	0.00,	0.00,	0.00,	0.00,
821,	TSOP2-66ME  ,	CD066TA1007A        ,	066TNCD012               ,	0.00,	0.00,	71.12,	5.76,	0.00,	10.62,
822,	FBGA-96UEF  ,	ACD096EF2001B       ,	096EFCD001               ,	0.00,	0.00,	5.00,	10.00,	0.00,	0.00,
823,	DFN-08YQ3AW ,	AAS008YQ2042A       ,	008YQAS049               ,	0.00,	0.00,	0.00,	0.00,	0.00,	0.00,
824,	MINIBGA48J3U,	AAS048MAB008A       ,	048MAAS011               ,	0.00,	0.00,	0.00,	0.00,	0.00,	0.00,
825,	FBGAS-96UEL9,	AAS096EL4004A       ,	096ELAS055               ,	0.00,	0.00,	0.00,	0.00,	0.00,	0.00,
826,	WLCSP       ,	                    ,	000IAQR011               ,	0.00,	0.00,	0.00,	0.00,	0.00,	0.00,
827,	MINIBGA48J3U,	ABU048MA7003A       ,	048MABU067               ,	0.00,	0.00,	0.00,	0.00,	0.00,	0.00,
828,	FBGA-84UC(2),	ABU084CC2002B       ,	084UCBU003               ,	0.00,	0.00,	0.00,	0.00,	0.00,	0.00,
829,	SMT         ,	ABU100X69005A       ,	000SVG016                ,	0.00,	0.00,	0.00,	0.00,	0.00,	0.00,
830,	SMT         ,	AOK016D54003A       ,	000SOK012                ,	0.00,	0.00,	0.00,	0.00,	0.00,	0.00,
831,	STBGA81J3L  ,	AOK081X36001A       ,	081X3OK001               ,	0.00,	0.00,	0.00,	0.00,	0.00,	0.00,
832,	MAT         ,	ENG                 ,	0008WAW092               ,	0.00,	0.00,	0.00,	0.00,	0.00,	0.00,
833,	DFN-08Y62D  ,	AAW008Y62015A       ,	008Y6AW034               ,	0.00,	0.00,	0.00,	0.00,	0.00,	0.00,
834,	DFN-08YM2D  ,	AAW008YM2004A       ,	008YMAW020               ,	242.57,	80.00,	160.22,	32.00,	0.00,	64.00,
835,	SSLGA16DOU  ,	AAW016D53011A       ,	016D5AW020               ,	0.00,	0.00,	0.00,	1.28,	0.00,	2.14,
836,	MINIBGA24A4L,	AAW024MA6022C       ,	024MAAW045               ,	0.00,	0.00,	0.00,	0.00,	0.00,	0.00,
837,	MBGA64J4U   ,	AAW064MR1009A       ,	064MRAW029               ,	0.00,	0.00,	2.83,	7.96,	0.00,	0.00,
838,	STBGA162BAU ,	AAW162KE1002A       ,	162KEAW001               ,	0.00,	0.00,	23.51,	1.61,	0.00,	0.00,
839,	MAT         ,	                    ,	0008WNV508               ,	0.00,	0.00,	0.00,	0.00,	0.00,	0.00,
840,	SMT         ,	ANV0086A1006A       ,	000SNV200                ,	0.00,	0.00,	0.00,	0.00,	0.00,	0.00,
841,	STBGA132G4VT,	ANV132X2C019A       ,	132X2NV117               ,	0.00,	0.00,	1.16,	1.16,	0.00,	0.00,
842,	STBGA153GEV ,	ANV153XT9005A       ,	153XTNV066               ,	0.00,	0.00,	1.10,	0.00,	0.00,	0.00,
843,	SSBGA153HEV ,	ANV153XT8010A       ,	153XTNV067               ,	0.00,	0.00,	0.00,	0.00,	0.00,	0.00,
844,	STBGA153GEV ,	ANV153XT9059A       ,	153XTNV111               ,	0.00,	0.00,	0.00,	0.00,	0.00,	0.00,
845,	MAT         ,	                    ,	0008WAB215               ,	0.00,	0.00,	0.00,	0.00,	0.00,	0.00,
846,	WLCSP       ,	                    ,	000IAAB004               ,	0.00,	0.00,	0.00,	0.00,	0.00,	0.00,
847,	DFN-08Y62D  ,	AAB008Y62014A       ,	008Y6AB028               ,	0.00,	0.00,	0.00,	0.00,	0.00,	0.00,
848,	DFN-08YM2D  ,	AAB008YM2023A       ,	008YMAB062               ,	0.00,	0.00,	0.00,	0.00,	0.00,	0.00,
849,	STDFN-08YQ2A,	AAB008YQ2005A       ,	008YQAB020               ,	0.00,	0.00,	11.73,	4.32,	0.00,	0.00,
850,	STDFN-08YQ2A,	AAB008YQ2039B       ,	008YQAB098               ,	0.00,	0.00,	0.00,	0.00,	0.00,	0.00,
851,	TSOP1-48AM  ,	AAB048TW2006A       ,	048TWAB012               ,	0.00,	0.00,	0.00,	0.00,	0.00,	0.00,
852,	VFBGA54B4U  ,	AAB054NB6001A       ,	054NBAB007               ,	0.00,	0.00,	0.00,	0.00,	0.00,	0.00,
853,	VFBGA54B4L  ,	AB054NR1001A        ,	054NRAB005               ,	0.00,	0.00,	0.00,	0.00,	0.00,	0.00,
854,	TSOP2-54ME  ,	AAB054TN1004A       ,	054TNAB029               ,	0.00,	0.00,	0.00,	0.00,	0.00,	0.00,
855,	TSOP2-66ME  ,	AAB066TN1004A       ,	066TNAB035               ,	0.00,	0.00,	0.00,	0.00,	0.00,	0.00,
856,	VFBGA90B4U  ,	AAB090NC7003A       ,	090NCAB022               ,	0.00,	0.00,	0.00,	0.00,	0.00,	0.00,
857,	FBGA96UEL(2),	AAB096EL1019A       ,	096ELAB057               ,	0.00,	0.00,	0.00,	0.00,	0.00,	0.00,
858,	WLCSP-WAFER ,	                    ,	000IABW069               ,	0.00,	0.00,	0.00,	0.00,	0.00,	0.00,
859,	WLCSP       ,	                    ,	000IABW112               ,	0.00,	0.00,	0.00,	0.00,	0.00,	0.00,
860,	WLCSP-WAFER ,	                    ,	000IABW136               ,	0.00,	0.00,	0.00,	0.00,	0.00,	0.00,
861,	QFN-52AC1   ,	ABW052AC1005A       ,	052ACBW033               ,	0.00,	0.00,	0.00,	0.00,	0.00,	0.00,
862,	MBGA48A2    ,	AHD048MA2002A       ,	048MAHD005               ,	0.00,	0.00,	0.00,	0.00,	0.00,	0.00,
863,	TSOP2-54CME ,	ACS054TS1008A       ,	054TSCS007               ,	0.00,	0.00,	18.82,	2.88,	0.00,	0.00,
864,	FCQFN-08OK2D,	ANI008OK2001A       ,	008OKNI023               ,	0.00,	0.00,	0.00,	0.00,	0.00,	0.00,
865,	FCQFN-08OK2D,	ANI008OK2001A       ,	008OKNI049               ,	0.00,	0.00,	0.00,	0.00,	0.00,	0.00,
866,	FCQFN-08OK2D,	ANI008OK2001A       ,	008OKNI073               ,	0.00,	0.00,	0.00,	0.00,	0.00,	0.00,
867,	FCQFN-08OK2D,	ANI008OK2001A       ,	008OKNI084               ,	0.00,	0.00,	0.00,	0.00,	0.00,	0.00,
868,	DFN-08YK2A  ,	ANI008YK3002A       ,	008YKNI091               ,	0.00,	0.00,	0.00,	0.00,	0.00,	0.00,
869,	QFN-10YK2A  ,	ANI010YK3001A       ,	010YKNI039               ,	0.00,	0.00,	0.00,	0.00,	0.00,	0.00,
870,	FCQFN-12Y32D,	ANI012Y32002D       ,	012Y3NI121               ,	0.00,	0.00,	0.00,	0.00,	0.00,	0.00,
871,	FCQFN-12Y32D,	ANI012Y32001B       ,	012Y3NI125               ,	0.00,	0.00,	0.00,	0.00,	0.00,	0.00,
872,	FCQFN-12Y32D,	ANI012Y32001B       ,	012Y3NI183               ,	0.00,	0.00,	0.00,	0.00,	0.00,	0.00,
873,	FCQFN-14OA2D,	ANI014OA1001C       ,	014OANI053               ,	0.00,	0.00,	0.00,	0.00,	0.00,	0.00,
874,	FCQFN-14OA2D,	ANI014OA1001C       ,	014OANI063               ,	0.00,	0.00,	0.00,	0.00,	0.00,	0.00,
875,	FCQFN-16OF2D,	ANI016OF2004A       ,	016OFNI031               ,	0.00,	0.00,	0.00,	0.00,	0.00,	0.00,
876,	FCQFN-16OF2D,	ANI016OF2002A       ,	016OFNI041               ,	0.00,	0.00,	0.00,	0.00,	0.00,	0.00,
877,	QFN-20YU2D  ,	ANI020YU1005C       ,	020YUNI043               ,	0.00,	0.00,	0.00,	0.00,	0.00,	0.00,
878,	QFN-20YU2D  ,	ANI020YU1005C       ,	020YUNI107               ,	0.00,	0.00,	0.00,	0.00,	0.00,	0.00,
879,	QFN-20YU2D  ,	ANI020YU1002B       ,	020YUNI120               ,	0.00,	0.00,	0.00,	0.00,	0.00,	0.00,
880,	QFN-20YU2D  ,	ANI020YU1002B       ,	020YUNI121               ,	0.00,	0.00,	0.00,	0.00,	0.00,	0.00,
881,	QFN-20YU2D  ,	ANI020YU1002B       ,	020YUNI143               ,	0.00,	0.00,	0.00,	0.00,	0.00,	0.00,
882,	QFN-20YU2D  ,	ANI020YU1005C       ,	020YUNI165               ,	0.00,	0.00,	0.00,	0.00,	0.00,	0.00,
883,	QFN-20YU2D  ,	ANI020YU1002B       ,	020YUNI168               ,	0.00,	0.00,	0.00,	0.00,	0.00,	0.00,
884,	QFN-20YU2D  ,	ANI020YU1002B       ,	020YUNI170               ,	0.00,	0.00,	0.00,	0.00,	0.00,	0.00,
885,	QFN-20YU2D  ,	ANI020YU1002B       ,	020YUNI179               ,	0.00,	0.00,	0.00,	0.00,	0.00,	0.00,
886,	QFN-20YU2D  ,	ANI020YU1002B       ,	020YUNI189               ,	0.00,	0.00,	0.00,	0.00,	0.00,	0.00,
887,	QFN-20YU2D  ,	ANI020YU1001M       ,	020YUNI238               ,	0.00,	0.00,	0.00,	0.00,	0.00,	0.00,
888,	QFN-20YU2D  ,	ANI020YU1002B       ,	020YUNI257               ,	0.00,	0.00,	0.00,	0.00,	0.00,	0.00,
889,	QFN-20YU2D  ,	ANI020YU1002B       ,	020YUNI278               ,	0.00,	0.00,	0.00,	0.00,	0.00,	0.00,
890,	QFN-20YU2D  ,	ANI020YU1005C       ,	020YUNI282               ,	0.00,	0.00,	0.00,	0.00,	0.00,	0.00,
891,	MAT         ,	                    ,	0008WHQ150               ,	0.00,	0.00,	0.00,	0.00,	0.00,	0.00,
892,	MAT         ,	                    ,	0008WHQ248               ,	0.00,	0.00,	0.00,	0.00,	0.00,	0.00,
893,	FPSLG22AY6V ,	AHQ0225N2001A       ,	0225NHQ007               ,	0.00,	0.00,	0.00,	0.00,	0.00,	0.00,
894,	FPSTLGA34yAV,	AHQ0343A1001A       ,	0343AHQ012               ,	0.00,	0.00,	0.00,	0.00,	0.00,	7.37,
895,	MAT         ,	                    ,	0008WCME102ENG           ,	0.00,	0.00,	0.00,	0.00,	0.00,	0.00,
896,	MAT         ,	                    ,	0008WCME126ENG           ,	0.00,	0.00,	0.00,	0.00,	0.00,	0.00,
897,	MAT         ,	                    ,	0008WCME190ENG           ,	0.00,	0.00,	0.00,	0.00,	0.00,	0.00,
898,	WLCSP       ,	                    ,	000IACM187ENG            ,	0.00,	0.00,	0.00,	0.00,	0.00,	0.00,
899,	DFN-08Y62D  ,	AAB008Y62016A       ,	008Y6CME18ENG            ,	0.00,	0.00,	0.00,	0.00,	0.00,	0.00,
900,	DFN-08YM2G  ,	AAS008YM2016A       ,	008YMCME40ENG            ,	0.00,	0.00,	0.00,	0.00,	0.00,	0.00,
901,	DFN-08YQ2A  ,	AAS008YQ2023B       ,	008YQCME39ENG            ,	0.00,	0.00,	0.00,	0.00,	0.00,	0.00,
902,	TSOP1-48/48M,	AAW048TP1080A       ,	048TPCM153ENG            ,	0.00,	0.00,	0.00,	0.00,	0.00,	0.00,
903,	TSOP1-48/48M,	AAS048TP2038A       ,	048TPCME002ENG           ,	0.00,	0.00,	0.00,	0.00,	0.00,	0.00,
904,	VFBGA54B4U  ,	AAB054NB6004A       ,	054NBCM032ENG            ,	0.00,	0.00,	0.00,	0.00,	0.00,	0.00,
905,	STBGA67B4U  ,	AAS067KQ1001A       ,	067KQCM001ENG            ,	0.00,	0.00,	0.00,	0.00,	0.00,	0.00,
906,	FBGA-96UEF  ,	AMS096EF2001A       ,	096EFCM067ENG            ,	0.00,	0.00,	0.00,	0.00,	0.00,	0.00,
907,	FBGAS-96UEL9,	AAS096EL4005A       ,	096ELCME32ENG            ,	0.00,	0.00,	0.00,	0.00,	0.00,	0.00,
908,	FBGAS-96UEL9,	AAS096EL4004A       ,	096ELCME34ENG            ,	0.00,	0.00,	0.00,	0.00,	0.00,	0.00,
909,	STBGA153JAV ,	ANV153XT9020A       ,	153XTCM082ENG            ,	0.00,	0.00,	0.00,	0.00,	0.00,	0.00,
910,	FBGA-60MA   ,	ACD060CD3002A       ,	060CACD003               ,	0.00,	0.00,	0.00,	0.00,	0.00,	6.04,
911,	FBGA-84UC(2),	ACD084CC2004B       ,	084UCCD009               ,	0.00,	0.00,	5.36,	0.00,	0.00,	0.00,
912,	DFN-08YD2A  ,	AAS008YD2027A       ,	008YDAS083               ,	0.00,	0.00,	0.00,	0.00,	0.00,	0.00,
913,	DFN-08YQ2A  ,	AAS008YQ2045A       ,	008YQAS048               ,	141.91,	47.52,	139.13,	47.52,	0.00,	69.12,
914,	WLCSP       ,	                    ,	000IAQR003               ,	0.00,	0.00,	0.00,	0.00,	0.00,	0.00,
915,	WLCSP       ,	                    ,	000IAQR005               ,	0.00,	0.00,	0.00,	0.00,	0.00,	0.00,
916,	WLCSP       ,	                    ,	000IAQR007               ,	0.00,	0.00,	0.00,	0.00,	0.00,	0.00,
917,	FBGAS-78LEA ,	ABU078EA3001A       ,	078EABU005               ,	0.00,	0.00,	0.00,	0.00,	0.00,	0.00,
918,	STDFN-08YQ2A,	ABU008YQ2011A       ,	008YQVG027               ,	0.00,	0.00,	0.00,	0.00,	0.00,	0.00,
919,	TSOP1-56/56 ,	ABU056TH2003A       ,	056THVG006               ,	0.00,	0.00,	6.99,	0.00,	0.00,	1.87,
920,	STBGA153JAV ,	ABU153XT9005A       ,	153XTVG011               ,	0.00,	0.00,	0.00,	0.00,	0.00,	0.00,
921,	SMT         ,	AOK016D54001A       ,	000SOK013                ,	0.00,	0.00,	0.00,	0.00,	0.00,	0.00,
922,	FBGA-78UEN  ,	AMS078EN1006A       ,	078ENMS014               ,	0.00,	0.00,	0.00,	0.00,	0.00,	0.00,
923,	DFN-08Y62D  ,	AAW008Y62014A       ,	008Y6AW032               ,	168.55,	66.56,	0.00,	0.00,	0.00,	83.20,
924,	DFN-08YM2D  ,	AAW008YM1012A       ,	008YMAW017               ,	0.00,	0.00,	0.00,	0.00,	0.00,	0.00,
925,	MBGA24J3U   ,	AAW024MAA002B       ,	024MAAW078               ,	0.00,	0.00,	0.00,	0.00,	0.00,	0.00,
926,	TSOP1-48/48M,	AAW048TP1042C       ,	048TPAW102               ,	0.00,	0.00,	0.00,	0.00,	0.00,	0.00,
927,	uSD08AQV-C  ,	ANV0086A1071A       ,	0086ANV164               ,	0.00,	0.00,	0.00,	0.00,	0.00,	0.00,
928,	TSOP1-48MR-C,	ANV048TR2017A       ,	048TRNV072               ,	0.00,	0.00,	0.00,	0.00,	0.00,	0.00,
929,	STBGA132G4VT,	ANV132X2C054A       ,	132X2NV149               ,	0.00,	0.00,	0.00,	0.00,	0.00,	0.00,
930,	STBGA132G4VT,	ANV132X2C056A       ,	132X2NV152               ,	0.00,	0.00,	0.00,	0.00,	0.00,	0.00,
931,	STBGA132G4VT,	ANV132X2C024A       ,	132X2NV167               ,	0.00,	0.00,	0.00,	0.00,	0.00,	0.00,
932,	FCQFN36YF5SW,	ATH036YF5001A       ,	036YFTH001               ,	0.00,	0.00,	0.00,	0.00,	0.00,	0.00,
933,	STBGA132G4VT,	AEU132X2C007A       ,	132X2EU010               ,	0.00,	0.00,	0.00,	0.00,	0.00,	0.00,
934,	STDFN-08YD2A,	AAB008YD2005A       ,	008YDAB016               ,	31.30,	17.60,	0.00,	0.00,	0.00,	0.00,
935,	STDFN-08YQ2A,	AAB008YQ2011B       ,	008YQAB109               ,	0.00,	0.00,	0.00,	0.00,	0.00,	0.00,
936,	MBGA24J3U   ,	AAB024MAA010A       ,	024MAAB073               ,	0.00,	0.00,	15.78,	14.40,	0.00,	0.00,
937,	VFBGA60B4U  ,	AAB060NR2003A       ,	060NRAB019               ,	0.00,	0.00,	0.00,	0.00,	0.00,	0.00,
938,	VFBGA63BFU  ,	AAB063NW3013A       ,	063NWAB018               ,	0.00,	0.00,	0.00,	0.00,	0.00,	0.00,
939,	STBGA63BFU  ,	AAB063XM5003A       ,	063XMAB004               ,	0.00,	0.00,	0.00,	0.00,	0.00,	0.00,
