pkg_type,process_id,version,detail_id,remark,
	T,	153XT081       ,	 F,	S22000102,	A0803CB1224(KNS)                        ,
	T,	0086A050       ,	 E,	S22000102,	A0803CB1212(KNS)                        ,
	T,	078EN003ENG    ,	 C,	S22000102,	A0801CB1169(UTC)                        ,
	T,	078EN003ENG    ,	 C,	S22000102,	A0803CB1169(KNS)                        ,
	T,	063NW062       ,	 G,	S22000102,	A0801CB1232(UTC)                        ,
	T,	086TA127       ,	 E,	S22000102,	A0801CB0462(UTC)                        ,
	T,	020YU006       ,	 F,	S22000102,	A0803CB0826 (KNS)                       ,
	T,	078EN010       ,	 K,	S22000102,	A0801CB1169(UTC)                        ,
	T,	078EN010       ,	 K,	S22000102,	A0803CB1169(KNS)                        ,
	T,	132X2296       ,	 C,	S22000102,	A0801CB1176(UTC)                        ,
	T,	132X2296       ,	 C,	S22000102,	A0803CB1295(KNS)                        ,
	T,	012Y1002       ,	 F,	S22000102,	A0803CB0938 (KNS)                       ,
	T,	020YU002       ,	 I,	S22000102,	A0803CB0826 (KNS)                       ,
	T,	008YK046       ,	 E,	S22000102,	A0803CB1315(KNS)                        ,
	T,	020YU001       ,	 J,	S22000102,	A0803CB0826                             ,
	T,	0086A137       ,	 F,	S22000102,	A0803CB1212(KNS)                        ,
	T,	054TS044       ,	 G,	S22000102,	A0801CB1027 (UTC)                       ,
	T,	0086A139       ,	 E,	S22000102,	A0803CB1212(KNS)                        ,
	T,	345XT046       ,	 F,	S22000102,	A0801CB1285(UTC)                        ,
	T,	345XT046       ,	 F,	S22000102,	A0803CB1323(KNS)                        ,
	T,	345XT046       ,	 F,	S32000102,	A0801CB1285(UTC)                        ,
	T,	345XT046       ,	 F,	S32000102,	A0803CB1323(KNS)                        ,
	T,	345XT046       ,	 F,	S34000102,	A0801CB1285(UTC)                        ,
	T,	345XT046       ,	 F,	S34000102,	A0803CB1323(KNS)                        ,
	T,	345XT046       ,	 F,	S36000102,	A0801CB1285(UTC)                        ,
	T,	345XT046       ,	 F,	S36000102,	A0803CB1323(KNS)                        ,
	T,	345XT046       ,	 F,	S42000102,	A0801CB1285(UTC)                        ,
	T,	345XT046       ,	 F,	S42000102,	A0803CB1323(KNS)                        ,
	T,	0086A107       ,	 C,	S22000102,	A0803CB1212(KNS)                        ,
	T,	008YQ196       ,	 A,	S22000102,	A0803CB0883                             ,
	T,	0086A138       ,	 E,	S22000102,	A0803CB1212(KNS)                        ,
	T,	048TP199       ,	 I,	S22000102,	A0801CB1000(UTC)                        ,
	T,	048TP199       ,	 I,	S22000102,	A0803CB1000(KNS)                        ,
	T,	060CA010       ,	 I,	S22000102,	A0801CB0802 (UTC)                       ,
	T,	060CA010       ,	 I,	S22000102,	A0803CB0802 (KNS)                       ,
	T,	054TS024       ,	 H,	S22000102,	A0801CB0961                             ,
	T,	054NB039       ,	 D,	S22000102,	A0803CB0514 (KNS)                       ,
	T,	096EC002       ,	 Y,	S22000102,	A0801CB0644 (UTC)                       ,
	T,	096EC002       ,	 Y,	S22000102,	A0803CB0644 (KNS)                       ,
	T,	078EN018       ,	 A,	S22000102,	A0801CB1169(UTC)                        ,
	T,	078EN018       ,	 A,	S22000102,	A0803CB1169(KNS)                        ,
	T,	054TS017       ,	 F,	S22000102,	A0801CB0777                             ,
	T,	084UC196       ,	 E,	S22000102,	A0803CB1313(KNS)                        ,
	T,	084UC097       ,	 O,	S22000102,	A0803CB0785                             ,
	T,	162KE035       ,	 H,	S22000102,	A0803CB0818(KNS)                        ,
	T,	054MF003       ,	 F,	S22000102,	A0801CB0248                             ,
	T,	054TS034       ,	 C,	S22000102,	A0801CB0971 (UTC)                       ,
	T,	054TS036       ,	 C,	S22000102,	A0801CB0971 (UTC)                       ,
	T,	0442J026       ,	 A,	S22000102,	A0803CB1181(KNS)                        ,
	T,	0442J026       ,	 A,	S32000102,	A0803CB1181(KNS)                        ,
	T,	078U9030       ,	 F,	S22000102,	A0801CB0823 (UTC)                       ,
	T,	078U9030       ,	 F,	S22000102,	A0803CB0823 (KNS)                       ,
	T,	010YK025       ,	 I,	S22000102,	A0803CB1315(KNS)                        ,
	T,	345XT061       ,	 A,	S22000102,	A0801CB1285(UTC)                        ,
	T,	345XT061       ,	 A,	S22000102,	A0803CB1323(KNS)                        ,
	T,	345XT061       ,	 A,	S32000102,	A0801CB1285(UTC)                        ,
	T,	345XT061       ,	 A,	S32000102,	A0803CB1323(KNS)                        ,
	T,	048TV269       ,	 F,	S22000102,	A0801CB0655(UTC)                        ,
	T,	048TV269       ,	 F,	S22000102,	A0803CB0655(KNS)                        ,
	T,	066TS032       ,	 A,	S22000102,	A0801CB0800(UTC)                        ,
	T,	066TS032       ,	 A,	S22000102,	A0803CB0800(KNS)                        ,
	T,	078EP007       ,	 C,	S22000102,	A0801CB1264(UTC)                        ,
	T,	078EP007       ,	 C,	S22000102,	A0803CB1264(KNS)                        ,
	T,	056TH167       ,	 B,	S22000102,	A0801CB1171(UTC)                        ,
	T,	096EF048       ,	 H,	S22000102,	A0801CB1257(UTC)                        ,
	T,	008YD091       ,	 G,	S22000102,	A0803CB1034(KNS)                        ,
	T,	024XW016       ,	 A,	S22000102,	A0801CB1190                             ,
	T,	054NR004       ,	 D,	S22000102,	A0801CB0745(UTC)                        ,
	T,	054NR004       ,	 D,	S22000102,	A0803CB0745(KNS)                        ,
	T,	024MA237       ,	 E,	S22000102,	A0801CB1057(UTC)                        ,
	T,	024MA237       ,	 E,	S22000102,	A0803CB1057(KNS)                        ,
	T,	066TS070       ,	 A,	S22000102,	A0803CB0797(KNS)                        ,
	T,	048MA351       ,	 F,	S22000102,	A0803CB1097(KNS)                        ,
	T,	008Y6089       ,	 E,	S22000102,	A0803CB0926(KNS)                        ,
	T,	024MA084       ,	 C,	S22000102,	A0801CB0373                             ,
	T,	060MV007       ,	 F,	S22000102,	A0801CB0248                             ,
	T,	126CT002       ,	 G,	S22000102,	A0801CB0754                             ,
	T,	165ML036       ,	 D,	S22000102,	A0801CB0248                             ,
	T,	132X2343       ,	 A,	S22000102,	A0801CB1176(UTC)                        ,
	T,	132X2343       ,	 A,	S22000102,	A0803CB1295(KNS)                        ,
	T,	048MA369       ,	 A,	S22000102,	A0801CB0248(UTC)                        ,
	T,	048MA369       ,	 A,	S22000102,	A0803CB0248(KNS)                        ,
	T,	048MA370       ,	 A,	S22000102,	A0801CB0248(UTC)                        ,
	T,	048MA370       ,	 A,	S22000102,	A0803CB0248(KNS)                        ,
	T,	0415L014       ,	 B,	S22000102,	A0803CB1294(KNS)                        ,
	T,	0282J104       ,	 C,	S22000102,	A0803CB0991(KNS)                        ,
	T,	0442J028       ,	 A,	S22000102,	A0803CB1294(KNS)                        ,
	T,	0442J028       ,	 A,	S32000102,	A0803CB1294(KNS)                        ,
	T,	0442J027       ,	 B,	S22000102,	A0803CB1181(KNS)                        ,
	T,	0442J027       ,	 B,	S32000102,	A0803CB1181(KNS)                        ,
	T,	0442J031       ,	 B,	S22000102,	A0803CB1294(KNS)                        ,
	T,	0442J031       ,	 B,	S32000102,	A0803CB1294(KNS)                        ,
	T,	0225N004       ,	 D,	S22000102,	A0803CB1267(KNS)                        ,
	T,	0225S001       ,	 F,	S22000102,	A0803CB1028(KNS)                        ,
	T,	0242D007       ,	 E,	S22000102,	A0801CB0966 (UTC)                       ,
	T,	0242D007       ,	 E,	S22000102,	A0803CB0966 (KNS)                       ,
	T,	048TW524       ,	 E,	S22000102,	A0801CB1149(UTC)                        ,
	T,	048TW524       ,	 E,	S22000102,	A0803CB1149(KNS)                        ,
	T,	0086A140       ,	 E,	S22000102,	A0803CB1212(KNS)                        ,
	T,	169XN010       ,	 B,	S22000102,	A0803CB1105(KNS)                        ,
	T,	169XN010       ,	 B,	S32000102,	A0803CB1105(KNS)                        ,
	T,	169XN010       ,	 B,	S34000102,	A0803CB1105(KNS)                        ,
	T,	132X2249       ,	 B,	S22000102,	A0801CB1176(UTC)                        ,
	T,	132X2249       ,	 B,	S22000102,	A0803CB1295(KNS)                        ,
	T,	081X3001       ,	 B,	S22000102,	A0801CB0638(UTC)                        ,
	T,	081X3001       ,	 B,	S32000102,	A0801CB0638(UTC)                        ,
	T,	132X2290       ,	 C,	S22000102,	A0801CB1176(UTC)                        ,
	T,	132X2290       ,	 C,	S22000102,	A0803CB1295(KNS)                        ,
	T,	054TS053       ,	 G,	S22000102,	A0801CB0929(UTC)                        ,
	T,	054TS053       ,	 G,	S32000102,	A0801CB0929                             ,
	T,	008YD083       ,	 J,	S22000102,	A0803CB1038(KNS)                        ,
	T,	048TP213       ,	 D,	S22000102,	A0801CB1170(UTC)                        ,
	T,	056TH162       ,	 D,	S22000102,	A0801CB0493                             ,
	T,	056TH163       ,	 C,	S22000102,	A0801CB0493(UTC)                        ,
	T,	008YQ195       ,	 A,	S22000102,	A0803CB1174(KNS)                        ,
	T,	008YQ195       ,	 A,	S32000102,	A0803CB1174(KNS)                        ,
	T,	054NB025       ,	 M,	S22000102,	A0801CB0248                             ,
	T,	060NR020       ,	 G,	S22000102,	A0801CB0724 (UTC)                       ,
	T,	054TN104       ,	 J,	S22000102,	A0801CB0549(UTC)                        ,
	T,	054TN104       ,	 J,	S22000102,	A0803CB0549(KNS)                        ,
	T,	008YQ037       ,	 M,	S22000102,	A0803CB0883                             ,
	T,	048TW394       ,	 O,	S22000102,	A0801CB0850 (UTC)                       ,
	T,	048TW394       ,	 O,	S22000102,	A0803CB0850 (KNS)                       ,
	T,	054TN110       ,	 K,	S22000102,	A0801CB0891 (UTC)                       ,
	T,	054TN110       ,	 K,	S22000102,	A0803CB0808 (KNS)                       ,
	T,	008Y6094       ,	 D,	S22000102,	A0803CB0926(KNS)                        ,
	T,	024MA225       ,	 F,	S22000102,	A0801CB1057                             ,
	T,	060NR037       ,	 C,	S22000102,	A0801CB0745(UTC)                        ,
	T,	060NR037       ,	 C,	S22000102,	A0803CB0745(KNS)                        ,
	T,	066TN089       ,	 H,	S22000102,	A0801CB0902 (UTC)                       ,
	T,	066TN089       ,	 H,	S22000102,	A0803CB0902 (KNS)                       ,
	T,	066TN079       ,	 H,	S22000102,	A0801CB0788 (UTC)                       ,
	T,	066TN079       ,	 H,	S22000102,	A0803CB0788 (KNS)                       ,
	T,	024XJ078       ,	 G,	S22000102,	A0801CB1190(UTC)                        ,
	T,	024XJ078       ,	 G,	S32000102,	A0801CB1190(UTC)                        ,
	T,	024XJ078       ,	 G,	S34000102,	A0801CB1190(UTC)                        ,
	T,	024XJ078       ,	 G,	S36000102,	A0801CB1190(UTC)                        ,
	T,	096EL015       ,	 I,	S22000102,	A0801CB1092(UTC)                        ,
	T,	008YQ085       ,	 H,	S22000102,	A0803CB0859 (KNS)                       ,
	T,	084UC178       ,	 J,	S22000102,	A0801CB1250(UTC)                        ,
	T,	084UC178       ,	 J,	S22000102,	A0803CB1250(KNS)                        ,
	T,	008YM098       ,	 I,	S22000102,	A0803CB0832(KNS)                        ,
	T,	024MA200       ,	 E,	S22000102,	A0801CB1057(UTC)                        ,
	T,	008YM142       ,	 F,	S22000102,	A0803CB0918(KNS)                        ,
	T,	008YQ163       ,	 H,	S22000102,	A0803CB0859(KNS)                        ,
	T,	096EL021       ,	 J,	S22000102,	A0801CB1102(UTC)                        ,
	T,	008YM115       ,	 F,	S22000102,	A0803CB0918(KNS)                        ,
	T,	060EM003       ,	 I,	S22000102,	A0801CB1260(UTC)                        ,
	T,	008YQ050       ,	 N,	S22000102,	A0803CB0859                             ,
	T,	008YQ050       ,	 N,	S32000102,	A0803CB0859(KNS)                        ,
	T,	008YM124       ,	 I,	S22000102,	A0803CB0832(KNS)                        ,
	T,	008YB041       ,	 J,	S22000102,	A0803CB0783(KNS)                        ,
	T,	063NW055       ,	 D,	S22000102,	A0801CB1232(UTC)                        ,
	T,	063NW055       ,	 D,	S22000102,	A0803CB1255(KNS)                        ,
	T,	008YQ171       ,	 G,	S22000102,	A0803CB0859(KNS)                        ,
	T,	024XJ054       ,	 G,	S22000102,	A0801CB0871(UTC)                        ,
	T,	024XJ054       ,	 G,	S22000102,	A0803CB0871(KNS)                        ,
	T,	024XJ054       ,	 G,	S32000102,	A0801CB0871(UTC)                        ,
	T,	024XJ054       ,	 G,	S32000102,	A0803CB0871(KNS)                        ,
	T,	008YQ190       ,	 A,	S22000102,	A0803CB0859(KNS)                        ,
	T,	008YB026       ,	 I,	S22000102,	A0803CB0783 (KNS)                       ,
	T,	0083X005       ,	 F,	S22000102,	A0801CB1183(UTC)                        ,
	T,	063NW066       ,	 C,	S22000102,	A0801CB1232(UTC)                        ,
	T,	008YM097       ,	 H,	S22000102,	A0803CB0918(KNS)                        ,
	T,	024MA063       ,	 H,	S22000102,	A0801CB0373 (UTC)                       ,
	T,	024MA063       ,	 H,	S22000102,	A0803CB0373 (KNS)                       ,
	T,	008YM141       ,	 G,	S22000102,	A0803CB0832(KNS)                        ,
	T,	024XJ081       ,	 A,	S22000102,	A0801CB1057(UTC)                        ,
	T,	024MA061       ,	 F,	S22000102,	A0801CB0373 (UTC)                       ,
	T,	024MA061       ,	 F,	S22000102,	A0803CB0373 (KNS)                       ,
	T,	008YQ138       ,	 F,	S22000102,	A0803CB1228(KNS)                        ,
	T,	096EI008       ,	 N,	S22000102,	A0803CB1012 (KNS)                       ,
	T,	096EL013       ,	 K,	S22000102,	A0803CB1080(KNS)                        ,
	T,	096EL009       ,	 I,	S22000102,	A0803CB1080(KNS)                        ,
	T,	008YQ197       ,	 B,	S22000102,	A0803CB1359(KNS)                        ,
	T,	048MA324       ,	 E,	S22000102,	A0803CB1097(KNS)                        ,
	T,	048MA361       ,	 C,	S22000102,	A0803CB1097(KNS)                        ,
	T,	048MA328       ,	 F,	S22000102,	A0803CB1097(KNS)                        ,
	T,	084UC147       ,	 L,	S22000102,	A0803CB1017 (KNS)                       ,
	T,	048TP094       ,	 K,	S22000102,	A0801CB1000 (UTC)                       ,
	T,	048TP094       ,	 K,	S22000102,	A0803CB1000 (KNS)                       ,
	T,	064MR026       ,	 F,	S22000102,	A0801CB0746(UTC)                        ,
	T,	064MR026       ,	 F,	S22000102,	A0803CB0746(KNS)                        ,
	T,	064MR039       ,	 G,	S22000102,	A0801CB0746(UTC)                        ,
	T,	064MR039       ,	 G,	S22000102,	A0803CB0746(KNS)                        ,
	T,	016D5016ENG    ,	 N,	S22000102,	A0801CB0934(UTC)                        ,
	T,	016D5016ENG    ,	 N,	S22000102,	A0803CB0934(KNS)                        ,
	T,	016D5015ENG    ,	 T,	S22000102,	A0801CB0934(UTC)                        ,
	T,	016D5015ENG    ,	 T,	S22000102,	A0803CB0934(KNS)                        ,
	T,	024MA099       ,	 E,	S22000102,	A0801CB0700                             ,
	T,	048TP091ENG    ,	 E,	S22000102,	A0801CB1173(UTC)                        ,
	T,	016D5012       ,	 O,	S22000102,	A0801CB0934(UTC)                        ,
	T,	016D5012       ,	 O,	S22000102,	A0803CB0934(KNS)                        ,
	T,	024MA213       ,	 C,	S22000102,	A0801CB1057(UTC)                        ,
	T,	064MR020       ,	 F,	S22000102,	A0801CB0746(UTC)                        ,
	T,	048TP076       ,	 G,	S22000102,	A0801CB0831 (UTC)                       ,
	T,	048TP076       ,	 G,	S22000102,	A0803CB0831 (KNS)                       ,
	T,	048TP074       ,	 I,	S22000102,	A0801CB0831 (UTC)                       ,
	T,	048TP074       ,	 I,	S22000102,	A0803CB0831 (KNS)                       ,
	T,	024MA060       ,	 D,	S22000102,	A0801CB0700(UTC)                        ,
	T,	024MA060       ,	 D,	S22000102,	A0803CB0700(KNS)                        ,
	T,	024MA171       ,	 B,	S22000102,	A0801CB1133(UTC)                        ,
	T,	024XJ052       ,	 I,	S22000102,	A0801CB0871(UTC)                        ,
	T,	024XJ052       ,	 I,	S22000102,	A0803CB0871(KNS)                        ,
	T,	024XJ052       ,	 I,	S32000102,	A0801CB0871(UTC)                        ,
	T,	024XJ052       ,	 I,	S32000102,	A0803CB0871(KNS)                        ,
	T,	024MA091       ,	 F,	S22000102,	A0801CB0533                             ,
	T,	052XY004       ,	 C,	S22000102,	A0801CB0572(UTC)                        ,
	T,	024MA197       ,	 D,	S22000102,	A0801CB1057(UTC)                        ,
	T,	048TP189       ,	 I,	S22000102,	A0801CB0967                             ,
	T,	008Y6090       ,	 I,	S22000102,	A0803CB0926(KNS)                        ,
	T,	008YM112       ,	 E,	S22000102,	A0803CB0832(KNS)                        ,
	T,	063XM004       ,	 C,	S22000102,	A0801CB1232(UTC)                        ,
	T,	024XJ053       ,	 D,	S22000102,	A0801CB0533                             ,
	T,	024XJ053       ,	 D,	S32000102,	A0801CB0533(UTC)                        ,
	T,	090NC061       ,	 G,	S22000102,	A0801CB0622                             ,
	T,	090NC064       ,	 F,	S22000102,	A0801CB0622(UTC)                        ,
	T,	090NC064       ,	 F,	S22000102,	A0803CB0622(KNS)                        ,
	T,	054NB037       ,	 E,	S22000102,	A0801CB0248                             ,
	T,	096EF033       ,	 G,	S22000102,	A0801CB1087(UTC)                        ,
	T,	096EF033       ,	 G,	S22000102,	A0803CB1087(KNS)                        ,
	T,	078EA001       ,	 E,	S22000102,	A0801CB1021(UTC)                        ,
	T,	096EA004       ,	 I,	S22000102,	A0801CB1021                             ,
	T,	084UC088       ,	 K,	S22000102,	A0801CB0660(UTC)                        ,
	T,	084UC088       ,	 K,	S22000102,	A0803CB0660(KNS)                        ,
	T,	084UC015       ,	 V,	S22000102,	A0801CB0641                             ,
	T,	096EF044       ,	 C,	S22000102,	A0801CB1211(UTC)                        ,
	T,	096EF044       ,	 C,	S32000102,	A0801CB1205(UTC)                        ,
	T,	032YF072       ,	 G,	S22000102,	A0803CB0634                             ,
	T,	036AB062       ,	 G,	S22000102,	A0803CB0430                             ,
	T,	072AF132       ,	 F,	S22000102,	A0803CB0424                             ,
	T,	008DR048       ,	 B,	S22000102,	A0801CB1137                             ,
	T,	008DR048       ,	 B,	S32000102,	A0801CB1137                             ,
	T,	054TN054       ,	 P,	S22000102,	A0801CB0515(UTC)                        ,
	T,	054TN054       ,	 P,	S22000102,	A0803CB0515(KNS)                        ,
	T,	054TN074       ,	 J,	S22000102,	A0801CB0756 (UTC)                       ,
	T,	054TN074       ,	 J,	S22000102,	A0803CB0756 (KNS)                       ,
	T,	054MF005       ,	 F,	S22000102,	A0801CB0514                             ,
	T,	096EF006       ,	 J,	S22000102,	A0801CB0889(UTC)                        ,
	T,	096EF006       ,	 J,	S22000102,	A0803CB0889(KNS)                        ,
	T,	066TN065       ,	 J,	S22000102,	A0801CB0511 (UTC)                       ,
	T,	066TN065       ,	 J,	S22000102,	A0803CB0511 (KNS)                       ,
	T,	054TS043       ,	 D,	S22000102,	A0801CB0960 (UTC)                       ,
	T,	054TS043       ,	 D,	S32000102,	A0801CB0960(UTC)                        ,
	T,	048TR122       ,	 C,	S22000102,	A0801CB1192(UTC)                        ,
	T,	048TR122       ,	 C,	S22000102,	A0803CB1192(KNS)                        ,
	T,	048TR124       ,	 D,	S22000102,	A0801CB1192(UTC)                        ,
	T,	048TR124       ,	 D,	S22000102,	A0803CB1192(KNS)                        ,
	T,	0282L047       ,	 G,	S22000102,	A0803CB1001(KNS)                        ,
	T,	0343A010       ,	 C,	S22000102,	A0803CB1094(KNS)                        ,
	T,	0343A010       ,	 C,	S32000102,	A0803CB1094(KNS)                        ,
	T,	0445T007       ,	 B,	S22000102,	A0803CB1326(KNS)                        ,
	T,	0445T007       ,	 B,	S32000102,	A0803CB1326(KNS)                        ,
	T,	0225H003       ,	 A,	S22000102,	A0801CB1218(UTC)                        ,
	T,	0225H003       ,	 A,	S22000102,	A0803CB1218(KNS)                        ,
	T,	0345V008       ,	 B,	S22000102,	A0803CB1294(KNS)                        ,
	T,	0345V008       ,	 B,	S32000102,	A0803CB1294(KNS)                        ,
	T,	132NY052       ,	 C,	S22000102,	A0801CB1176(UTC)                        ,
	T,	078EP001       ,	 F,	S22000102,	A0801CB1264(UTC)                        ,
	T,	078EP001       ,	 F,	S22000102,	A0803CB1264(KNS)                        ,
	T,	132NY069       ,	 B,	S22000102,	A0801CB1176(UTC)                        ,
	T,	132NY069       ,	 B,	S22000102,	A0803CB1176(KNS)                        ,
	T,	078EP006       ,	 E,	S22000102,	A0801CB1264(UTC)                        ,
	T,	078EP006       ,	 E,	S22000102,	A0803CB1264(KNS)                        ,
	T,	048TW555       ,	 D,	S22000102,	A0801CB0616(UTC)                        ,
	T,	048TW513       ,	 F,	S22000102,	A0801CB1156 (UTC)                       ,
	T,	048TW513       ,	 F,	S22000102,	A0803CB1156 (KNS)                       ,
	T,	048TW440       ,	 G,	S22000102,	A0801CB1150(UTC)                        ,
	T,	078EN003       ,	 H,	S22000102,	A0801CB1169(UTC)                        ,
	T,	078EN003       ,	 H,	S22000102,	A0803CB1169(KNS)                        ,
	T,	048TW502       ,	 E,	S22000102,	A0801CB0731                             ,
	T,	048TW528       ,	 C,	S22000102,	A0801CB1154(UTC)                        ,
	T,	048TW528       ,	 C,	S22000102,	A0803CB1154(KNS)                        ,
	T,	153XT097       ,	 A,	S22000102,	A0803CB1294(KNS)                        ,
	T,	0086A111       ,	 F,	S22000102,	A0803CB1212(KNS)                        ,
	T,	036RP001       ,	 F,	S22000102,	A0801CB1314(UTC)                        ,
	T,	153XT095       ,	 A,	S22000102,	A0803CB1294(KNS)                        ,
	T,	048XV001       ,	 F,	S22000102,	A0801CB0514(UTC)                        ,
	T,	008YQ104       ,	 J,	S22000102,	A0803CB1174(KNS)                        ,
	T,	008YQ120       ,	 G,	S22000102,	A0803CB1174(KNS)                        ,
	T,	048TP192       ,	 D,	S22000102,	A0801CB0874 (UTC)                       ,
	T,	024MA176       ,	 B,	S22000102,	A0801CB1129(UTC)                        ,
	T,	008YD104       ,	 H,	S22000102,	A0803CB0635(KNS)                        ,
	T,	008YD105       ,	 F,	S22000102,	A0803CB0635(KNS)                        ,
	T,	008YQ144       ,	 F,	S22000102,	A0803CB1174(KNS)                        ,
	T,	008YQ125       ,	 J,	S22000102,	A0803CB1050(KNS)                        ,
	T,	008YQ125       ,	 J,	S32000102,	A0803CB1174(KNS)                        ,
	T,	008YQ119       ,	 K,	S22000102,	A0803CB1174(KNS)                        ,
	T,	008YD107       ,	 F,	S22000102,	A0803CB0635(KNS)                        ,
	T,	008YD103       ,	 J,	S22000102,	A0803CB1034(KNS)                        ,
	T,	008YM153       ,	 F,	S22000102,	A0803CB1069(KNS)                        ,
	T,	024MA169       ,	 C,	S22000102,	A0801CB1057(UTC)                        ,
	T,	066TS030       ,	 B,	S22000102,	A0803CB0800(KNS)                        ,
	T,	084UC202       ,	 B,	S22000102,	A0801CB0660(UTC)                        ,
	T,	084UC202       ,	 B,	S22000102,	A0803CB0660(KNS)                        ,
	T,	008YM157       ,	 J,	S22000102,	A0803CB0918(KNS)                        ,
	T,	008YD098       ,	 H,	S22000102,	A0803CB1020(KNS)                        ,
	T,	008YB047       ,	 D,	S22000102,	A0803CB0783(KNS)                        ,
	T,	096EL076       ,	 G,	S22000102,	A0801CB1331                             ,
	T,	024XW006       ,	 A,	S22000102,	A0801CB1190(UTC)                        ,
	T,	024XW006       ,	 A,	S32000102,	A0801CB1190(UTC)                        ,
	T,	024XW006       ,	 A,	S34000102,	A0801CB1190(UTC)                        ,
	T,	024XW006       ,	 A,	S36000102,	A0801CB1190(UTC)                        ,
	T,	024MA245       ,	 A,	S22000102,	A0801CB1057(UTC)                        ,
	T,	024MA245       ,	 A,	S22000102,	A0803CB1057(KNS)                        ,
	T,	096EL097       ,	 A,	S22000102,	A0801CB1331(UTC)                        ,
	T,	096EL097       ,	 A,	S22000102,	A0803CB1331(KNS)                        ,
	T,	048TW396       ,	 H,	S22000102,	A0801CB0864                             ,
	T,	024MA105       ,	 E,	S22000102,	A0801CB0373 (UTC)                       ,
	T,	008Y6076       ,	 F,	S22000102,	A0803CB0913(KNS)                        ,
	T,	084UC193       ,	 F,	S22000102,	A0801CB1250(UTC)                        ,
	T,	084UC193       ,	 F,	S22000102,	A0803CB1250(KNS)                        ,
	T,	060EM005       ,	 A,	S22000102,	A0801CB1291(UTC)                        ,
	T,	060EM005       ,	 A,	S22000102,	A0803CB1291(KNS)                        ,
	T,	090NC086       ,	 G,	S22000102,	A0801CB0744(UTC)                        ,
	T,	084UC200       ,	 E,	S22000102,	A0803CB1017 (KNS)                       ,
	T,	008YM129       ,	 F,	S22000102,	A0803CB1069(KNS)                        ,
	T,	008YQ159       ,	 D,	S22000102,	A0803CB1168(KNS)                        ,
	T,	008YQ132       ,	 L,	S22000102,	A0803CB1228(KNS)                        ,
	T,	008YD124       ,	 C,	S22000102,	A0803CB0635(KNS)                        ,
	T,	084UC096       ,	 K,	S22000102,	A0803CB0785                             ,
	T,	008YM107       ,	 G,	S22000102,	A0803CB0832(KNS)                        ,
	T,	024XJ049       ,	 N,	S22000102,	A0801CB0871(UTC)                        ,
	T,	024XJ049       ,	 N,	S22000102,	A0803CB0871(KNS)                        ,
	T,	024XJ049       ,	 N,	S32000102,	A0801CB0871(UTC)                        ,
	T,	024XJ049       ,	 N,	S32000102,	A0803CB0871(KNS)                        ,
	T,	008Y6087       ,	 G,	S22000102,	A0803CB0926(KNS)                        ,
	T,	008Y6097       ,	 D,	S22000102,	A0803CB0926(KNS)                        ,
	T,	024MA140       ,	 D,	S22000102,	A0801CB0700(UTC)                        ,
	T,	048TP090ENG    ,	 F,	S22000102,	A0801CB1173(UTC)                        ,
	T,	048TP321       ,	 A,	S22000102,	A0801CB1346(UTC)                        ,
	T,	048TP321       ,	 A,	S22000102,	A0803CB1346(KNS)                        ,
	T,	054MF020       ,	 B,	S22000102,	A0801CB1193(UTC)                        ,
	T,	200N7043       ,	 A,	S22000102,	A0801CB1371(UTC)                        ,
	T,	200N7043       ,	 A,	S22000102,	A0803CB1371(KNS)                        ,
	T,	084XU012       ,	 I,	S22000102,	A0801CB0486 (UTC)                       ,
	T,	084XU012       ,	 I,	S22000102,	A0803CB1324 (KNS)                       ,
	T,	084XU012       ,	 I,	S32000102,	A0801CB0486 (UTC)                       ,
	T,	084XU012       ,	 I,	S32000102,	A0803CB1324 (KNS)                       ,
	T,	084UC028       ,	 M,	S22000102,	A0801CB0641                             ,
	T,	048MA366       ,	 D,	S22000102,	A0801CB1057                             ,
	T,	054TN117       ,	 F,	S22000102,	A0801CB0756(UTC)                        ,
	T,	054TN117       ,	 F,	S22000102,	A0803CB0756(KNS)                        ,
	T,	252X0003       ,	 C,	S22000102,	A0801CB1176(UTC)                        ,
	T,	252X0003       ,	 C,	S22000102,	A0803CB1176(KNS)                        ,
	T,	252X0003       ,	 C,	S32000102,	A0801CB1176(UTC)                        ,
	T,	252X0003       ,	 C,	S32000102,	A0803CB1176(KNS)                        ,
	T,	0415L007       ,	 C,	S22000102,	A0803CB1253(KNS)                        ,
	T,	0442J013       ,	 C,	S22000102,	A0803CB1181(KNS)                        ,
	T,	0442J013       ,	 C,	S32000102,	A0803CB1181(KNS)                        ,
	T,	0445T009       ,	 A,	S22000102,	A0803CB1326(KNS)                        ,
	T,	0445T009       ,	 A,	S32000102,	A0803CB1326(KNS)                        ,
	T,	0225N003       ,	 C,	S22000102,	A0803CB1267                             ,
	T,	078EN015       ,	 E,	S22000102,	A0801CB1338(UTC)                        ,
	T,	078EN015       ,	 E,	S22000102,	A0803CB1338(KNS)                        ,
	T,	096EC009       ,	 Q,	S22000102,	A0801CB0824 (UTC)                       ,
	T,	096EC009       ,	 Q,	S22000102,	A0803CB0824 (KNS)                       ,
	T,	078U9034       ,	 G,	S22000102,	A0801CB0823(UTC)                        ,
	T,	078U9034       ,	 G,	S22000102,	A0803CB0823(KNS)                        ,
	T,	048TW503       ,	 J,	S22000102,	A0801CB0616                             ,
	T,	132X2335       ,	 A,	S22000102,	A0801CB1176(UTC)                        ,
	T,	132X2335       ,	 A,	S22000102,	A0803CB1295(KNS)                        ,
	T,	132X2309       ,	 B,	S22000102,	A0801CB1176(UTC)                        ,
	T,	132X2309       ,	 B,	S22000102,	A0803CB1295(KNS)                        ,
	T,	054TS014       ,	 M,	S22000102,	A0801CB0929                             ,
	T,	008YM139       ,	 C,	S22000102,	A0803CB1069(KNS)                        ,
	T,	132X2204       ,	 D,	S22000102,	A0801CB1176(UTC)                        ,
	T,	132X2204       ,	 D,	S22000102,	A0803CB1295(KNS)                        ,
	T,	060NR001       ,	 O,	S22000102,	A0801CB0569                             ,
	T,	024MA031       ,	 E,	S22000102,	A0801CB0533(KNS)                        ,
	T,	024MA031       ,	 E,	S22000102,	A0801CB0533(UTC)                        ,
	T,	054NR001       ,	 Q,	S22000102,	A0801CB0569                             ,
	T,	008YM176       ,	 A,	S22000102,	A0803CB0832(KNS)                        ,
	T,	008YQ194       ,	 A,	S22000102,	A0803CB0859 (KNS)                       ,
	T,	008YQ061       ,	 N,	S22000102,	A0803CB0859                             ,
	T,	008YQ061       ,	 N,	S32000102,	A0803CB0859(KNS)                        ,
	T,	008YQ066       ,	 H,	S22000102,	A0803CB0859 (KNS)                       ,
	T,	024XJ077       ,	 E,	S22000102,	A0801CB1190(UTC)                        ,
	T,	024XJ077       ,	 E,	S32000102,	A0801CB1190(UTC)                        ,
	T,	024XJ077       ,	 E,	S34000102,	A0801CB1190(UTC)                        ,
	T,	024XJ077       ,	 E,	S36000102,	A0801CB1190(UTC)                        ,
	T,	063NW019       ,	 H,	S22000102,	A0803CB0619                             ,
	T,	048N0002       ,	 H,	S22000102,	A0803CB1249(KNS)                        ,
	T,	024XJ097       ,	 C,	S22000102,	A0801CB0871                             ,
	T,	024XJ097       ,	 C,	S32000102,	A0801CB0871                             ,
	T,	024XJ097       ,	 C,	S34000102,	A0801CB0871                             ,
	T,	024XJ097       ,	 C,	S36000102,	A0801CB0871                             ,
	T,	008YQ184       ,	 A,	S22000102,	A0803CB1359(KNS)                        ,
	T,	024MA202       ,	 D,	S22000102,	A0801CB1057(UTC)                        ,
	T,	008YDE09ENG    ,	 A,	S22000102,	A0803CB1020(KNS)                        ,
	T,	066TS031       ,	 A,	S22000102,	A0803CB1085(KNS)                        ,
	T,	0442J003ENG    ,	 B,	S22000102,	A0803CB1294(KNS)                        ,
	T,	0442J003ENG    ,	 B,	S32000102,	A0803CB1294(KNS)                        ,
	T,	048N0E03ENG    ,	 B,	S22000102,	A0803CB1254(KNS)                        ,
	T,	008YQ189       ,	 A,	S22000102,	A0803CB1228(KNS)                        ,
	T,	088Y2003       ,	 B,	S22000102,	A0803CB1360(KNS)                        ,
	T,	200N7040       ,	 B,	S22000102,	A0801CB1032(UTC)                        ,
	T,	200N7040       ,	 B,	S22000102,	A0803CB1032(KNS)                        ,
	T,	008YQ156       ,	 E,	S22000102,	A0803CB1050(KNS)                        ,
	T,	054NB046       ,	 A,	S22000102,	A0801CB1193(UTC)                        ,
	T,	054NB046       ,	 A,	S22000102,	A0803CB1193(KNS)                        ,
	T,	096EL095       ,	 A,	S22000102,	A0803CB1367(KNS)                        ,
	T,	096EL095       ,	 A,	S32000102,	A0803CB1368(KNS)                        ,
	T,	153XT077       ,	 A,	S22000102,	A0803CB1224(KNS)                        ,
	T,	153XT077       ,	 A,	S32000102,	A0803CB1224(KNS)                        ,
	T,	008Y6078       ,	 F,	S22000102,	A0803CB0926(KNS)                        ,
	T,	096EF058ENG    ,	 B,	S22000102,	A0801CB1265(UTC)                        ,
	T,	096EF058ENG    ,	 B,	S22000102,	A0803CB1265(KNS)                        ,
	T,	096EL017       ,	 E,	S22000102,	A0801CB1102(UTC)                        ,
	T,	153XTE001ENG   ,	 C,	S22000102,	A0801CB1072(UTC)                        ,
	T,	153XTE001ENG   ,	 C,	S22000102,	A0803CB1294(KNS)                        ,
	T,	153XTE001ENG   ,	 C,	S32000102,	A0801CB1072(UTC)                        ,
	T,	153XTE001ENG   ,	 C,	S32000102,	A0803CB1294(KNS)                        ,
	T,	153XT108       ,	 B,	S22000102,	A0803CB1224(KNS)                        ,
	T,	132X2024ENG    ,	 A,	S22000102,	A0803CB1295(KNS)                        ,
	T,	132X2024ENG    ,	 A,	S32000102,	A0803CB1295(KNS)                        ,
	T,	132X2E17ENG    ,	 A,	S22000102,	A0801CB1176(UTC)                        ,
	T,	132X2E17ENG    ,	 A,	S22000102,	A0803CB1295(KNS)                        ,
	T,	132X2306       ,	 C,	S22000102,	A0801CB1176(UTC)                        ,
	T,	132X2306       ,	 C,	S22000102,	A0803CB1295(KNS)                        ,
	T,	132X2306       ,	 C,	S32000102,	A0801CB1176(UTC)                        ,
	T,	132X2306       ,	 C,	S32000102,	A0803CB1295(KNS)                        ,
	T,	048TP319ENG    ,	 A,	S22000102,	A0801CB1346(UTC)                        ,
	T,	048TP319ENG    ,	 A,	S22000102,	A0803CB1346(KNS)                        ,
	T,	048TX008       ,	 F,	S22000102,	A0801CB1155(UTC)                        ,
	T,	132X2302       ,	 B,	S22000102,	A0801CB1176(UTC)                        ,
	T,	132X2302       ,	 B,	S22000102,	A0803CB1295(KNS)                        ,
	T,	132X2302       ,	 B,	S32000102,	A0801CB1176(UTC)                        ,
	T,	132X2302       ,	 B,	S32000102,	A0803CB1295(KNS)                        ,
	T,	024MA240       ,	 A,	S22000102,	A0801CB1057(UTC)                        ,
	T,	024MA240       ,	 A,	S22000102,	A0803CB1057(KNS)                        ,
	T,	008YQ191       ,	 C,	S22000102,	A0803CB1174(KNS)                        ,
	T,	096ELE14ENG    ,	 B,	S22000102,	A0801CB1331(UTC)                        ,
	T,	096ELE14ENG    ,	 B,	S22000102,	A0803CB1331(KNS)                        ,
	T,	078EP003       ,	 N,	S22000102,	A0801CB1264(UTC)                        ,
	T,	078EP003       ,	 N,	S22000102,	A0803CB1264(KNS)                        ,
	T,	008DR011       ,	 E,	S22000102,	A0803CB1198(KNS)                        ,
	T,	132X2048       ,	 R,	S22000102,	A0801CB1176(UTC)                        ,
	T,	132X2048       ,	 R,	S22000102,	A0803CB1295(KNS)                        ,
	T,	0086A021       ,	 I,	S22000102,	A0803CB1212(KNS)                        ,
	T,	016D5017ENG    ,	 H,	S22000102,	A0801CB0934(UTC)                        ,
	T,	016D5017ENG    ,	 H,	S22000102,	A0803CB0934(KNS)                        ,
	T,	0086A083       ,	 D,	S22000102,	A0803CB1212(KNS)                        ,
	T,	0442J021       ,	 A,	S22000102,	A0803CB1181(KNS)                        ,
	T,	0442J021       ,	 A,	S32000102,	A0803CB1181(KNS)                        ,
	T,	152N3026       ,	 E,	S22000102,	A0801CB0748(UTC)                        ,
	T,	152N3026       ,	 E,	S22000102,	A0803CB0748(KNS)                        ,
	T,	169XN003       ,	 G,	S22000102,	A0803CB1105(KNS)                        ,
	T,	169XN003       ,	 G,	S32000102,	A0803CB1105(KNS)                        ,
	T,	169XN003       ,	 G,	S34000102,	A0803CB1105(KNS)                        ,
	T,	048TR083       ,	 B,	S22000102,	A0801CB1192(UTC)                        ,
	T,	048TR083       ,	 B,	S22000102,	A0803CB1192(KNS)                        ,
	T,	084UC136       ,	 H,	S22000102,	A0801CB0660 (UTC)                       ,
	T,	084UC136       ,	 H,	S22000102,	A0803CB0660 (KNS)                       ,
	T,	066TN178       ,	 D,	S22000102,	A0801CB1293(UTC)                        ,
	T,	066TN178       ,	 D,	S22000102,	A0803CB1293(KNS)                        ,
	T,	048TW407       ,	 F,	S22000102,	A0801CB0864 (UTC)                       ,
	T,	008FG023       ,	 A,	S22000102,	A0803CB1278(KNS)                        ,
	T,	063NW059       ,	 C,	S22000102,	A0803CB1255(KNS)                        ,
	T,	054TS002       ,	 Q,	S22000102,	A0803CB0713(KNS)                        ,
	T,	060NR015       ,	 J,	S22000102,	A0801CB0724                             ,
	T,	048TR075       ,	 F,	S22000102,	A0801CB1192(UTC)                        ,
	T,	048TR075       ,	 F,	S22000102,	A0803CB1192(KNS)                        ,
	T,	008YM147       ,	 C,	S22000102,	A0803CB1069(KNS)                        ,
	T,	078EP004       ,	 G,	S22000102,	A0801CB1264(UTC)                        ,
	T,	078EP004       ,	 G,	S22000102,	A0803CB1264(KNS)                        ,
	T,	153XT119       ,	 C,	S22000102,	A0803CB1294(KNS)                        ,
	T,	016D5E001      ,	 B,	S22000102,	A0801CB0934(UTC)                        ,
	T,	016D5E001      ,	 B,	S22000102,	A0803CB0934(KNS)                        ,
	T,	0086A128       ,	 C,	S22000102,	A0803CB1212(KNS)                        ,
	T,	100X6006       ,	 D,	S22000102,	A0801CB1200(UTC)                        ,
	T,	010YK031       ,	 C,	S22000102,	A0803CB1315(KNS)                        ,
	T,	008YB027       ,	 J,	S22000102,	A0803CB0783                             ,
	T,	024MA043       ,	 C,	S22000102,	A0801CB0700 (UTC)                       ,
	T,	024MA043       ,	 C,	S22000102,	A0803CB0700 (KNS)                       ,
	T,	0262G004       ,	 I,	S22000102,	A0801CB0984                             ,
	T,	096EF064       ,	 B,	S22000102,	A0801CB1366 (UTC)                       ,
	T,	096EF064       ,	 B,	S22000102,	A0803CB1366 (KNS)                       ,
	T,	096EF064       ,	 B,	S32000102,	A0801CB1366 (UTC)                       ,
	T,	096EF064       ,	 B,	S32000102,	A0803CB1366 (KNS)                       ,
	T,	054NB044       ,	 C,	S22000102,	A0801CB1193(UTC)                        ,
	T,	054NB044       ,	 C,	S22000102,	A0803CB1193(KNS)                        ,
	T,	048TW404       ,	 K,	S22000102,	A0801CB0850 (UTC)                       ,
	T,	048TW404       ,	 K,	S22000102,	A0803CB0850 (KNS)                       ,
	T,	024XJ085       ,	 A,	S22000102,	A0801CB1129(UTC)                        ,
	T,	024XJ085       ,	 A,	S32000102,	A0801CB1129(UTC)                        ,
	T,	153XT181       ,	 B,	S22000102,	A0803CB1224(KNS)                        ,
	T,	064MR029       ,	 C,	S22000102,	A0801CB0746(UTC)                        ,
	T,	064MR029       ,	 C,	S22000102,	A0803CB0746(KNS)                        ,
	T,	024MA050       ,	 B,	S22000102,	A0801CB0700                             ,
	T,	078EA005       ,	 D,	S22000102,	A0801CB1206                             ,
	T,	078EA005       ,	 D,	S32000102,	A0801CB1099                             ,
	T,	084UC156       ,	 H,	S22000102,	A0801CB1043                             ,
	T,	048TR104       ,	 C,	S22000102,	A0801CB1192(UTC)                        ,
	T,	054NB031       ,	 E,	S22000102,	A0801CB0514                             ,
	T,	0008W999       ,	 E,	S22000102,	A0803CB1094(KNS)                        ,
	T,	0008W999       ,	 E,	S32000102,	A0803CB1094(KNS)                        ,
	T,	0086A125       ,	 C,	S22000102,	A0803CB1212(KNS)                        ,
	T,	153XT094       ,	 B,	S22000102,	A0803CB1294(KNS)                        ,
	T,	072AF064       ,	 J,	S22000102,	A0803CB0398(KNS)                        ,
	T,	024MA215       ,	 C,	S22000102,	A0801CB1057(UTC)                        ,
	T,	048N0007       ,	 A,	S22000102,	A0801CB1372(UTC)                        ,
	T,	048N0007       ,	 A,	S22000102,	A0803CB1372(KNS)                        ,
	T,	024MA246       ,	 A,	S22000102,	A0801CB1057(UTC)                        ,
	T,	024MA246       ,	 A,	S22000102,	A0803CB1057(KNS)                        ,
	T,	048MA368       ,	 E,	S22000102,	A0801CB1057(UTC)                        ,
	T,	048MA368       ,	 E,	S22000102,	A0803CB1057(KNS)                        ,
	T,	054MF006       ,	 D,	S22000102,	A0801CB0514                             ,
	T,	345XT043       ,	 D,	S22000102,	A0801CB1285(UTC)                        ,
	T,	345XT043       ,	 D,	S32000102,	A0801CB1285(UTC)                        ,
	T,	345XT043       ,	 D,	S34000102,	A0801CB1285(UTC)                        ,
	T,	024MA198       ,	 D,	S22000102,	A0801CB1057(UTC)                        ,
	T,	008YM133       ,	 D,	S22000102,	A0803CB1069(KNS)                        ,
	T,	008YQ149       ,	 I,	S22000102,	A0803CB1050(KNS)                        ,
	T,	096EL066       ,	 C,	S22000102,	A0803CB1269(KNS)                        ,
	T,	096EL066       ,	 C,	S32000102,	A0803CB1268(KNS)                        ,
	T,	048TP121       ,	 D,	S22000102,	A0803CB0831(KNS)                        ,
	T,	048N0E02ENG    ,	 B,	S22000102,	A0803CB1254(KNS)                        ,
	T,	048N0E04ENG    ,	 A,	S22000102,	A0803CB1254(KNS)                        ,
	T,	252X2001ENG    ,	 A,	S22000102,	A0801CB1176(UTC)                        ,
	T,	252X2001ENG    ,	 A,	S22000102,	A0803CB1295(KNS)                        ,
	T,	252X2001ENG    ,	 A,	S32000102,	A0801CB1176(UTC)                        ,
	T,	252X2001ENG    ,	 A,	S32000102,	A0803CB1295(KNS)                        ,
	T,	067KQ001       ,	 C,	S22000102,	A0803CB1135(KNS)                        ,
	T,	008FG027       ,	 A,	S22000102,	A0803CB1278(KNS)                        ,
	T,	084UC136ENG    ,	 B,	S22000102,	A0801CB0660(UTC)                        ,
	T,	096EL096       ,	 B,	S22000102,	A0803CB1367(KNS)                        ,
	T,	096EL096       ,	 B,	S32000102,	A0803CB1368(KNS)                        ,
	T,	132X2026ENG    ,	 A,	S22000102,	A0801CB1176(UTC)                        ,
	T,	132X2026ENG    ,	 A,	S22000102,	A0803CB1295(KNS)                        ,
	T,	132X2026ENG    ,	 A,	S32000102,	A0801CB1176(UTC)                        ,
	T,	132X2026ENG    ,	 A,	S32000102,	A0803CB1295(KNS)                        ,
	T,	054TN076       ,	 H,	S22000102,	A0801CB0515 (UTC)                       ,
	T,	054TN076       ,	 H,	S22000102,	A0803CB0515 (KNS)                       ,
	T,	052AC032       ,	 F,	S22000102,	A0803CB0595(KNS)                        ,
	T,	078EN005ENG    ,	 E,	S22000102,	A0801CB1338(UTC)                        ,
	T,	078EN005ENG    ,	 E,	S22000102,	A0803CB1338(KNS)                        ,
	T,	078EN014       ,	 D,	S22000102,	A0801CB1338(UTC)                        ,
	T,	078EN014       ,	 D,	S22000102,	A0803CB1338(KNS)                        ,
	T,	0008W235       ,	 C,	S22000102,	A0803CB1212(KNS)                        ,
	T,	008DR005       ,	 G,	S22000102,	A0803CB0804 (KNS)                       ,
	T,	096EL004ENG    ,	 F,	S22000102,	A0801CB1092(UTC)                        ,
	T,	153XTE005ENG   ,	 B,	S22000102,	A0801CB1072(UTC)                        ,
	T,	153XTE005ENG   ,	 B,	S22000102,	A0803CB1294(KNS)                        ,
	T,	153XTE005ENG   ,	 B,	S32000102,	A0801CB1072(UTC)                        ,
	T,	153XTE005ENG   ,	 B,	S32000102,	A0803CB1294(KNS)                        ,
	T,	066TN076       ,	 G,	S22000102,	A0801CB0759 (UTC)                       ,
	T,	066TN076       ,	 G,	S22000102,	A0803CB0759 (KNS)                       ,
	T,	008YM167       ,	 A,	S22000102,	A0803CB1069(KNS)                        ,
	T,	168RM006       ,	 B,	S22000102,	A0803CB1207(KNS)                        ,
	T,	008YM110       ,	 H,	S22000102,	A0803CB0832(KNS)                        ,
	T,	054MF007       ,	 E,	S22000102,	A0801CB0514                             ,
	T,	008YQ188       ,	 B,	S22000102,	A0803CB1365(KNS)                        ,
	T,	090NC073       ,	 H,	S22000102,	A0801CB0622                             ,
	T,	024MA161       ,	 C,	S22000102,	A0801CB1057(UTC)                        ,
	T,	153XT098       ,	 C,	S22000102,	A0803CB1224(KNS)                        ,
	T,	153XT098       ,	 C,	S32000102,	A0803CB1224(KNS)                        ,
	T,	008YM140       ,	 D,	S22000102,	A0803CB1069(KNS)                        ,
	T,	153XT031ENG    ,	 C,	S22000102,	A0801CB1072(UTC)                        ,
	T,	153XT031ENG    ,	 C,	S22000102,	A0803CB1294(KNS)                        ,
	T,	153XT031ENG    ,	 C,	S32000102,	A0801CB1072(UTC)                        ,
	T,	153XT031ENG    ,	 C,	S32000102,	A0803CB1294(KNS)                        ,
	T,	345XT053       ,	 B,	S22000102,	A0801CB1285(UTC)                        ,
	T,	345XT053       ,	 B,	S22000102,	A0803CB1323(KNS)                        ,
	T,	345XT053       ,	 B,	S32000102,	A0801CB1285(UTC)                        ,
	T,	345XT053       ,	 B,	S32000102,	A0803CB1323(KNS)                        ,
	T,	345XT053       ,	 B,	S34000102,	A0801CB1285(UTC)                        ,
	T,	345XT053       ,	 B,	S34000102,	A0803CB1323(KNS)                        ,
	T,	010YK024       ,	 F,	S22000102,	A0803CB0784(KNS)                        ,
	T,	345XT058       ,	 A,	S22000102,	A0801CB1285(UTC)                        ,
	T,	345XT058       ,	 A,	S22000102,	A0803CB1323(KNS)                        ,
	T,	345XT058       ,	 A,	S32000102,	A0801CB1285(UTC)                        ,
	T,	345XT058       ,	 A,	S32000102,	A0803CB1323(KNS)                        ,
	T,	345XT058       ,	 A,	S34000102,	A0801CB1285(UTC)                        ,
	T,	345XT058       ,	 A,	S34000102,	A0803CB1323(KNS)                        ,
	T,	345XT060       ,	 B,	S22000102,	A0801CB1285(UTC)                        ,
	T,	345XT060       ,	 B,	S22000102,	A0803CB1323(KNS)                        ,
	T,	345XT060       ,	 B,	S32000102,	A0801CB1285(UTC)                        ,
	T,	345XT060       ,	 B,	S32000102,	A0803CB1323(KNS)                        ,
	T,	345XT060       ,	 B,	S34000102,	A0801CB1285(UTC)                        ,
	T,	345XT060       ,	 B,	S34000102,	A0803CB1323(KNS)                        ,
	T,	200N7030       ,	 A,	S22000102,	A0801CB1032                             ,
	T,	345XT062       ,	 A,	S22000102,	A0801CB1285(UTC)                        ,
	T,	345XT062       ,	 A,	S22000102,	A0803CB1323(KNS)                        ,
	T,	345XT062       ,	 A,	S32000102,	A0801CB1285(UTC)                        ,
	T,	345XT062       ,	 A,	S32000102,	A0803CB1323(KNS)                        ,
	T,	048TP090       ,	 C,	S22000102,	A0801CB0912                             ,
	T,	144C7010       ,	 K,	S22000102,	A0801CB0877(UTC)                        ,
	T,	144C7010       ,	 K,	S22000102,	A0803CB0877(KNS)                        ,
	T,	0225N007       ,	 A,	S22000102,	A0803CB1294(KNS)                        ,
	T,	132X2286       ,	 D,	S22000102,	A0801CB1176(UTC)                        ,
	T,	132X2286       ,	 D,	S22000102,	A0803CB1295(KNS)                        ,
	T,	132X2286       ,	 D,	S32000102,	A0801CB1176(UTC)                        ,
	T,	132X2286       ,	 D,	S32000102,	A0803CB1295(KNS)                        ,
	T,	132X2345       ,	 B,	S22000102,	A0801CB1176(UTC)                        ,
	T,	132X2345       ,	 B,	S22000102,	A0803CB1295(KNS)                        ,
	T,	024MA194       ,	 F,	S22000102,	A0801CB1057(UTC)                        ,
	T,	153XT021       ,	 F,	S22000102,	A0803CB1091(KNS)                        ,
	T,	063XM009       ,	 C,	S22000102,	A0801CB1232(UTC)                        ,
	T,	063XM009       ,	 C,	S32000102,	A0801CB1232(UTC)                        ,
	T,	063NW088       ,	 A,	S22000102,	A0801CB1232(UTC)                        ,
	T,	063NW088       ,	 A,	S22000102,	A0803CB1232(KNS)                        ,
	T,	008YQ170       ,	 G,	S22000102,	A0803CB1050(KNS)                        ,
	T,	024MA093       ,	 E,	S22000102,	A0801CB0533                             ,
	T,	153XT141       ,	 E,	S22000102,	A0801CB1072(UTC)                        ,
	T,	153XT141       ,	 E,	S22000102,	A0803CB1294(KNS)                        ,
	T,	153XT141       ,	 E,	S32000102,	A0801CB1072(UTC)                        ,
	T,	153XT141       ,	 E,	S32000102,	A0803CB1294(KNS)                        ,
	T,	048TR003       ,	AC,	S22000102,	A0801CB1192(UTC)                        ,
	T,	048TR003       ,	AC,	S22000102,	A0803CB1192(KNS)                        ,
	T,	008YD132       ,	 A,	S22000102,	A0803CB1020(KNS)                        ,
	T,	008YQ136       ,	 K,	S22000102,	A0803CB1050(KNS)                        ,
	T,	048MA365       ,	 D,	S22000102,	A0801CB1057                             ,
	T,	137M8003       ,	 E,	S22000102,	A0801CB1330(UTC)                        ,
	T,	0345J001       ,	 B,	S22000102,	A0803CB1231 (KNS)                       ,
	T,	0345V006       ,	 A,	S22000102,	A0803CB1344(KNS)                        ,
	T,	0345V006       ,	 A,	S32000102,	A0803CB1344(KNS)                        ,
	T,	132X2214       ,	 E,	S22000102,	A0801CB1176(UTC)                        ,
	T,	132X2214       ,	 E,	S22000102,	A0803CB1295(KNS)                        ,
	T,	096EL075       ,	 B,	S22000102,	A0803CB1102(KNS)                        ,
	T,	008YQ042       ,	 M,	S22000102,	A0803CB0883 (KNS)                       ,
	T,	090MV021       ,	 R,	S22000102,	A0801CB0248                             ,
	T,	0442J017       ,	 C,	S22000102,	A0803CB1181(KNS)                        ,
	T,	0442J017       ,	 C,	S32000102,	A0803CB1181(KNS)                        ,
	T,	048MA367       ,	 B,	S22000102,	A0803CB1097(KNS)                        ,
	T,	0345V001       ,	 C,	S22000102,	A0803CB1295(KNS)                        ,
	T,	0345V001       ,	 C,	S32000102,	A0803CB1295(KNS)                        ,
	T,	0343A014       ,	 A,	S22000102,	A0801CB0984                             ,
	T,	0343A014       ,	 A,	S32000102,	A0801CB0984                             ,
	T,	252X0001ENG    ,	 A,	S22000102,	A0801CB1176(UTC)                        ,
	T,	252X0001ENG    ,	 A,	S22000102,	A0803CB1295(KNS)                        ,
	T,	162KE026       ,	 E,	S22000102,	A0801CB0818(UTC)                        ,
	T,	153XT118       ,	 B,	S22000102,	A0803CB1294(KNS)                        ,
	T,	060NR038       ,	 H,	S22000102,	A0801CB0745(UTC)                        ,
	T,	060NR038       ,	 H,	S22000102,	A0803CB0745(KNS)                        ,
	T,	008Y6029ENG    ,	 A,	S22000102,	A0803CB1233(KNS)                        ,
	T,	345XT024       ,	 E,	S22000102,	A0803CB1224(KNS)                        ,
	T,	345XT024       ,	 E,	S32000102,	A0803CB1224(KNS)                        ,
	T,	132X2242       ,	 B,	S22000102,	A0801CB1176(UTC)                        ,
	T,	252X0002ENG    ,	 A,	S22000102,	A0801CB1176(UTC)                        ,
	T,	252X0002ENG    ,	 A,	S22000102,	A0803CB1295(KNS)                        ,
	T,	096EI023       ,	 D,	S22000102,	A0801CB1277(UTC)                        ,
	T,	391KJ003       ,	 D,	S22000102,	A0803CB1221(KNS)                        ,
	T,	391KJ003       ,	 D,	S32000102,	A0803CB1221(KNS)                        ,
	T,	391KJ003       ,	 D,	S34000102,	A0803CB1221(KNS)                        ,
	T,	391KJ003       ,	 D,	S36000102,	A0803CB1221(KNS)                        ,
	T,	391KJ003       ,	 D,	S42000102,	A0803CB1221(KNS)                        ,
	T,	0086B022       ,	 E,	S22000102,	A0803CB1212(KNS)                        ,
	T,	132X2166       ,	 C,	S22000102,	A0801CB1176(UTC)                        ,
	T,	132X2166       ,	 C,	S22000102,	A0803CB1176(KNS)                        ,
	T,	054TS010       ,	 P,	S22000102,	A0801CB0762(UTC)                        ,
	T,	054TS010       ,	 P,	S22000102,	A0803CB0762(KNS)                        ,
	T,	048AC114       ,	 F,	S22000102,	A0803CB0315(KNS)                        ,
	T,	063XM007       ,	 D,	S22000102,	A0801CB1232(UTC)                        ,
	T,	063XM007       ,	 D,	S32000102,	A0801CB1232(UTC)                        ,
	T,	008YQ092       ,	 O,	S22000102,	A0803CB0974(KNS)                        ,
	T,	064MR023       ,	 H,	S22000102,	A0801CB0746(UTC)                        ,
	T,	064MR023       ,	 H,	S22000102,	A0803CB0746(KNS)                        ,
	T,	048TP079       ,	 D,	S22000102,	A0801CB0831                             ,
	T,	008YD128       ,	 C,	S22000102,	A0803CB1340(KNS)                        ,
	T,	048MA354       ,	 C,	S22000102,	A0801CB0248                             ,
	T,	048TW473       ,	 E,	S22000102,	A0801CB1150(UTC)                        ,
	T,	048TW473       ,	 E,	S22000102,	A0803CB1150(KNS)                        ,
	T,	054TN027       ,	 S,	S22000102,	A0801CB0545 (UTC)                       ,
	T,	054TN027       ,	 S,	S22000102,	A0803CB0545 (KNS)                       ,
	T,	152N3004ENG    ,	 C,	S22000102,	A0801CB0748(UTC)                        ,
	T,	152N3004ENG    ,	 C,	S22000102,	A0803CB0748(KNS)                        ,
	T,	008YQ161       ,	 C,	S22000102,	A0803CB1174(KNS)                        ,
	T,	132X2052       ,	 S,	S22000102,	A0801CB1176(UTC)                        ,
	T,	153XT135       ,	 E,	S22000102,	A0803CB1294(KNS)                        ,
	T,	153XT135       ,	 E,	S32000102,	A0803CB1294(KNS)                        ,
	T,	153XT135       ,	 E,	S34000102,	A0803CB1294(KNS)                        ,
	T,	153XT135       ,	 E,	S36000102,	A0803CB1294(KNS)                        ,
	T,	008YK027       ,	 L,	S22000102,	A0803CB0784 (KNS)                       ,
	T,	010YK026       ,	 E,	S22000102,	A0803CB1315(KNS)                        ,
	T,	0415L001       ,	 E,	S22000102,	A0803CB1253 (KNS)                       ,
	T,	345XT059       ,	 A,	S22000102,	A0801CB1285(UTC)                        ,
	T,	345XT059       ,	 A,	S22000102,	A0803CB1323(KNS)                        ,
	T,	345XT059       ,	 A,	S32000102,	A0801CB1285(UTC)                        ,
	T,	345XT059       ,	 A,	S32000102,	A0803CB1323(KNS)                        ,
	T,	345XT059       ,	 A,	S34000102,	A0801CB1285(UTC)                        ,
	T,	345XT059       ,	 A,	S34000102,	A0803CB1323(KNS)                        ,
	T,	132X2341       ,	 A,	S22000102,	A0801CB1176(UTC)                        ,
	T,	132X2341       ,	 A,	S22000102,	A0803CB1295(KNS)                        ,
	T,	132X2341       ,	 A,	S32000102,	A0801CB1176(UTC)                        ,
	T,	132X2341       ,	 A,	S32000102,	A0803CB1295(KNS)                        ,
	T,	032YF074       ,	 J,	S22000102,	A0803CB0634                             ,
	T,	008YD123       ,	 B,	S22000102,	A0803CB1034(KNS)                        ,
	T,	008YD123       ,	 B,	S32000102,	A0803CB1034(KNS)                        ,
	T,	024MA057       ,	 C,	S22000102,	A0801CB0373                             ,
	T,	064MR019       ,	 F,	S22000102,	A0801CB0746                             ,
	T,	008DR008       ,	 F,	S22000102,	A0801CB1137(UTC)                        ,
	T,	008DR008       ,	 F,	S32000102,	A0801CB1137(UTC)                        ,
	T,	153XT096       ,	 C,	S22000102,	A0801CB1072(UTC)                        ,
	T,	153XT096       ,	 C,	S22000102,	A0803CB1294(KNS)                        ,
	T,	153XT096       ,	 C,	S32000102,	A0801CB1072(UTC)                        ,
	T,	153XT096       ,	 C,	S32000102,	A0803CB1294(KNS)                        ,
	T,	024MA129       ,	 E,	S22000102,	A0801CB0700                             ,
	T,	024MA037       ,	 E,	S22000102,	A0801CB0373                             ,
	T,	096EA009       ,	 C,	S22000102,	A0801CB1021(UTC)                        ,
	T,	096EL080       ,	 E,	S22000102,	A0803CB1336(KNS)                        ,
	T,	096EL080       ,	 E,	S48000102,	A0803CB1336(KNS)                        ,
	T,	008YM136       ,	 F,	S22000102,	A0803CB1069(KNS)                        ,
	T,	008YQ162       ,	 I,	S22000102,	A0803CB0974(KNS)                        ,
	T,	084UCE05ENG    ,	 D,	S22000102,	A0801CB0852(UTC)                        ,
	T,	084UCE05ENG    ,	 D,	S22000102,	A0803CB0852(KNS)                        ,
	T,	048TP126       ,	 A,	S22000102,	A0803CB1343(KNS)                        ,
	T,	024MAE08ENG    ,	 A,	S22000102,	A0803CB1097(KNS)                        ,
	T,	096EF063       ,	 C,	S22000102,	A0801CB1087(UTC)                        ,
	T,	096EF063       ,	 C,	S22000102,	A0803CB1087(KNS)                        ,
	T,	0445T008       ,	 B,	S22000102,	A0803CB1326(KNS)                        ,
	T,	0445T008       ,	 B,	S32000102,	A080CB1326(KNS)                         ,
	T,	090NC091       ,	 F,	S22000102,	A0801CB0744(UTC)                        ,
	T,	090NC091       ,	 F,	S22000102,	A0803CB0744(KNS)                        ,
	T,	054TN088ENG    ,	 C,	S22000102,	A0803CB0808(KNS)                        ,
	T,	048TW554       ,	 D,	S22000102,	A0801CB0564(UTC)                        ,
	T,	008Y6111       ,	 A,	S22000102,	A0803CB1233(KNS)                        ,
	T,	0086A123       ,	 H,	S22000102,	A0803CB1212(KNS)                        ,
	T,	008YQ126       ,	 G,	S22000102,	A0803CB0974(KNS)                        ,
	T,	008YQ126       ,	 G,	S32000102,	A0803CB0974(KNS)                        ,
	T,	008FG005       ,	 C,	S22000102,	A0803CB1278(KNS)                        ,
	T,	048MA325       ,	 E,	S22000102,	A0803CB1097(KNS)                        ,
	T,	008YQ080       ,	 I,	S22000102,	A0803CB0859                             ,
	T,	008YQ080       ,	 I,	S32000102,	A0803CB0859(KNS)                        ,
	T,	048TP216       ,	 F,	S22000102,	A0803CB0831(KNS)                        ,
	T,	048MA364       ,	 F,	S22000102,	A0801CB1057                             ,
	T,	048TP083       ,	 D,	S22000102,	A0801CB0912                             ,
	T,	048TW160       ,	 P,	S22000102,	A0801CB0616                             ,
	T,	048TR136       ,	 C,	S22000102,	A0801CB1192(UTC)                        ,
	T,	048TR136       ,	 C,	S22000102,	A0803CB1192(KNS)                        ,
